etab_id,nom,localite,region,prefecture,commune,canton,categorie,categorie_source,statut_source,statut_groupe,jours_ouverture,nb_jours_ouverture,ouvert_samedi,ouvert_dimanche,jours_renseignes,lon,lat,unite_commune,prefecture_geom,coherence_geo
_mview_finance_etablissements_banque.fid-7b1c8a4a_1943cbfe119_-447e,BTCI Amadahome,Amadahome,Maritime,Golfe,Golfe 5,Aflao-Gakli,Banque,Banque,Nsp,Statut non renseigné ou ambigu,Lun–Mar–Mer–Jeu–Ven,5,False,False,True,1.1654270638510162,6.203541360604255,Golfe 5,Golfe,Concordant
_mview_finance_etablissements_banque.fid-7b1c8a4a_1943cbfe119_-447d,FUCEC Togo Afagnan,Awassi Onorio,Maritime,Bas-Mono,Bas-Mono 1,Afagnangan,Micro-finance,Micro-Finance,Utilisé,En activité,Lun–Mar–Mer–Jeu–Ven–Sam,6,True,False,True,1.6271233333333333,6.4957666666666665,Bas-Mono 1,Bas-Mono,Concordant
_mview_finance_etablissements_banque.fid-7b1c8a4a_1943cbfe119_-447c,Mutuelle Dignite Humaine,Djagble,Maritime,Zio,Zio 1,Abobo,Mutuelle,Mutuelle,Utilisé,En activité,Lun–Mar–Mer–Jeu–Ven–Sam,6,True,False,True,1.287165,6.2662249999999995,Zio 1,Zio,Concordant
_mview_finance_etablissements_banque.fid-7b1c8a4a_1943cbfe119_-447b,Mutuelle Le Roc,Ablota,Maritime,Zio,Zio 1,Abobo,Mutuelle,Mutuelle,Utilisé,En activité,Lun–Mar–Mer–Jeu–Ven,5,False,False,True,1.3728760724747087,6.239534103539881,Zio 1,Zio,Concordant
_mview_finance_etablissements_banque.fid-7b1c8a4a_1943cbfe119_-447a,FUCEC-Togo,Adidogome,Maritime,Golfe,Golfe 5,Aflao-Gakli,Micro-finance,Micro-Finance,Utilisé,En activité,Lun–Mar–Mer–Jeu–Ven–Sam,6,True,False,True,1.1690136321572586,6.183478641263159,Golfe 5,Golfe,Concordant
_mview_finance_etablissements_banque.fid-7b1c8a4a_1943cbfe119_-4479,CIF Assurance-vie,Adidoadin,Maritime,Agoè-Nyivé,Agoè-Nyivé 1,Agoè-Nyivé,Assurance,Assurance,Utilisé,En activité,Lun–Mar–Mer–Jeu–Ven,5,False,False,True,1.1895305475058346,6.206187504803494,Agoè-Nyivé 1,Agoè-Nyivé,Concordant
_mview_finance_etablissements_banque.fid-7b1c8a4a_1943cbfe119_-4478,BTCI Baguida,BAGUIDA,Maritime,Golfe,Golfe 6,Baguida,Banque,Banque,Utilisé,En activité,Lun–Mar–Mer–Jeu–Ven–Sam,6,True,False,True,1.3381952574322604,6.167495664668762,Golfe 6,Golfe,Concordant
_mview_finance_etablissements_banque.fid-7b1c8a4a_1943cbfe119_-4477,Microfinance Millenium Totsi,Totsi,Maritime,Golfe,Golfe 5,Aflao-Gakli,Micro-finance,Micro-Finance,Utilisé,En activité,Lun–Mar–Mer–Jeu–Ven,5,False,False,True,1.1866806869108153,6.197077790836492,Golfe 5,Golfe,Concordant
_mview_finance_etablissements_banque.fid-7b1c8a4a_1943cbfe119_-4476,BTCI Agbalepedogan,Agbalepedogan,Maritime,Golfe,Golfe 5,Aflao-Gakli,Banque,Banque,Nsp,Statut non renseigné ou ambigu,Lun–Mar–Mer–Jeu–Ven,5,False,False,True,1.2007360347995675,6.197624349044445,Golfe 5,Golfe,Concordant
_mview_finance_etablissements_banque.fid-7b1c8a4a_1943cbfe119_-4475,COOPAD Djagblé,Djagble,Maritime,Zio,Zio 1,Djagblé,Micro-finance,Micro-Finance,Utilisé,En activité,Non renseigné,0,False,False,False,1.282792090426032,6.254119620863774,Zio 1,Zio,Concordant
_mview_finance_etablissements_banque.fid-7b1c8a4a_1943cbfe119_-4474,SUNU Bank Yata,YATA,Plateaux,Ogou,Ogou 1,Gnagna,Banque,Banque,Fermé,Déclaré non opérationnel,Lun–Mar–Mer–Jeu–Ven–Sam,6,True,False,True,1.1403786980788655,7.519636195213213,Ogou 1,Ogou,Concordant
_mview_finance_etablissements_banque.fid-7b1c8a4a_1943cbfe119_-4473,Mutuelle Meci,Djagble,Maritime,Zio,Zio 1,Djagblé,Mutuelle,Mutuelle,Utilisé,En activité,Lun–Mar–Mer–Jeu–Ven,5,False,False,True,1.2835601090271076,6.256053905261389,Zio 1,Zio,Concordant
_mview_finance_etablissements_banque.fid-7b1c8a4a_1943cbfe119_-4472,Direction générale Siab Togo,Adawlato,Maritime,Golfe,Golfe 4,Amoutivé,Banque,Banque,Utilise,En activité,Lun–Mar–Mer–Jeu–Ven–Sam,6,True,False,True,1.22458742066699,6.123606099488691,Golfe 4,Golfe,Concordant
_mview_finance_etablissements_banque.fid-7b1c8a4a_1943cbfe119_-4471,UCMECF To Point de Agbandji,Agbandji,Centrale,Blitta,Blitta 2,Agbandi,Micro-finance,Micro-Finance,Utilisé,En activité,Lun–Mar–Mer–Jeu–Ven,5,False,False,True,1.1345633333333334,8.227016666666666,Blitta 2,Blitta,Concordant
_mview_finance_etablissements_banque.fid-7b1c8a4a_1943cbfe119_-4470,FUCEC Togo Agence Pagala,Pagala Gare,Centrale,Blitta,Blitta 1,Pagala-Gare,Micro-finance,Micro-Finance,Utilisé,En activité,Lun–Mar–Mer–Jeu–Ven–Sam,6,True,False,True,0.9754058150753561,8.178073750269546,Blitta 1,Blitta,Concordant
_mview_finance_etablissements_banque.fid-7b1c8a4a_1943cbfe119_-446f,Mutuelle Le President Microfinance Sa,Aveta,Maritime,Zio,Zio 1,Abobo,Mutuelle,Mutuelle,{autre},Statut non renseigné ou ambigu,Lun–Mar–Mer–Jeu–Ven,5,False,False,True,1.2919633333333334,6.270525,Zio 1,Zio,Concordant
_mview_finance_etablissements_banque.fid-7b1c8a4a_1943cbfe119_-446e,FUCEC-togo Agence Vakpossito,Telessou,Maritime,Agoè-Nyivé,Agoè-Nyivé 3,Vakpossito,Micro-finance,Micro-Finance,Nsp,Statut non renseigné ou ambigu,Lun–Mar–Mer–Jeu–Ven,5,False,False,True,1.1693257332827622,6.218002102046497,Agoè-Nyivé 3,Agoè-Nyivé,Concordant
_mview_finance_etablissements_banque.fid-7b1c8a4a_1943cbfe119_-446d,UTB Agence Totsi,Totsi,Maritime,Golfe,Golfe 5,Aflao-Gakli,Banque,Banque,Utilisé,En activité,Lun–Mar–Mer–Jeu–Ven–Sam,6,True,False,True,1.1875630239819002,6.196495010626283,Golfe 5,Golfe,Concordant
_mview_finance_etablissements_banque.fid-7b1c8a4a_1943cbfe119_-446c,CECAV Gbama Kope,Gbama Cope,Maritime,Zio,Zio 1,Djagblé,Micro-finance,Micro-Finance,Utilisé,En activité,Lun–Mar–Mer–Jeu–Ven,5,False,False,True,1.2635966666666665,6.260861666666667,Zio 1,Zio,Concordant
_mview_finance_etablissements_banque.fid-7b1c8a4a_1943cbfe119_-446b,COOPEC Fidelite,Adidogome,Maritime,Golfe,Golfe 5,Aflao-Gakli,Micro-finance,Micro-Finance,Utilisé,En activité,Lun–Mar–Mer–Jeu–Ven,5,False,False,True,1.1817190932930046,6.175686110238065,Golfe 5,Golfe,Concordant
_mview_finance_etablissements_banque.fid-7b1c8a4a_1943cbfe119_-446a,Mutuelle ASJD Totsi,Totsi,Maritime,Golfe,Golfe 5,Aflao-Gakli,Mutuelle,Mutuelle,Utilisé,En activité,Lun–Mar–Mer–Jeu–Ven–Sam,6,True,False,True,1.1876890867899137,6.1953512742015,Golfe 5,Golfe,Concordant
_mview_finance_etablissements_banque.fid-7b1c8a4a_1943cbfe119_-4469,CEC Tso Nakle,Gbleta,Maritime,Bas-Mono,Bas-Mono 1,Afagnan-Gbléta,Mutuelle,Mutuelle,Utilisé,En activité,Lun–Mar–Mer–Jeu–Ven,5,False,False,True,1.6155766666666664,6.494128333333333,Bas-Mono 1,Bas-Mono,Concordant
_mview_finance_etablissements_banque.fid-7b1c8a4a_1943cbfe119_-4468,Fidelia Assurance Agbalepedogan,Agbalepedogan,Maritime,Agoè-Nyivé,Agoè-Nyivé 1,Agoè-Nyivé,Assurance,Assurance,Utilisé,En activité,Lun–Mar–Mer–Jeu–Ven,5,False,False,True,1.1955433333333334,6.201101666666667,Agoè-Nyivé 1,Agoè-Nyivé,Concordant
_mview_finance_etablissements_banque.fid-7b1c8a4a_1943cbfe119_-4467,Fonds Communautaire Pour Le Developpement,Elevagnon Kleve,Maritime,Agoè-Nyivé,Agoè-Nyivé 3,Vakpossito,Mutuelle,Mutuelle,Utilisé,En activité,Lun–Mar–Mer–Jeu–Ven–Sam,6,True,False,True,1.1686083442527062,6.2190883839568425,Agoè-Nyivé 3,Agoè-Nyivé,Concordant
_mview_finance_etablissements_banque.fid-7b1c8a4a_1943cbfe119_-4466,COOPEC AD Djagblé,Djagble,Maritime,Zio,Zio 1,Djagblé,Micro-finance,Micro-Finance,Utilisé,En activité,Lun–Mar–Mer–Jeu–Ven–Sam,6,True,False,True,1.2842417099879921,6.259451822949494,Zio 1,Zio,Concordant
_mview_finance_etablissements_banque.fid-7b1c8a4a_1943cbfe119_-4465,COMEC Sokode,KOMAH,Centrale,Tchaoudjo,Tchaoudjo 1,Sokodè (Komah),Micro-finance,Micro-Finance,Utilisé,En activité,Lun–Mar–Mer–Jeu–Ven–Sam,6,True,False,True,1.1351699999999996,8.97086166666667,Tchaoudjo 1,Tchaoudjo,Concordant
_mview_finance_etablissements_banque.fid-7b1c8a4a_1943cbfe119_-4464,BTCI Sokode,SOKODÉ,Centrale,Tchaoudjo,Tchaoudjo 1,Sokodè (Komah),Banque,Banque,Utilisé,En activité,Lun–Mar–Mer–Jeu–Ven–Sam,6,True,False,True,1.138942413350057,8.988671205880385,Tchaoudjo 1,Tchaoudjo,Concordant
_mview_finance_etablissements_banque.fid-7b1c8a4a_1943cbfe119_-4463,SPT Djarkpanga,AChantinewtown,Centrale,Mô,Mô 1,Djarkpanga,Banque,Banque,Inacheve,Déclaré non opérationnel,Lun–Mar–Mer–Jeu–Ven–Sam,6,True,False,True,0.5640999999999995,8.78293666666667,Mô 1,Mô,Concordant
_mview_finance_etablissements_banque.fid-7b1c8a4a_1943cbfe119_-4462,COOPEC Plaine de Mo,Djarkpanga,Centrale,Mô,Mô 1,Djarkpanga,Micro-finance,Micro-Finance,Utilisé,En activité,Lun–Mar–Mer–Jeu–Ven,5,False,False,True,0.5628950000000001,8.784271666666665,Mô 1,Mô,Concordant
_mview_finance_etablissements_banque.fid-7b1c8a4a_1943cbfe119_-4461,Microfinance Amitie Entre les Peuples,LAO,Centrale,Mô,Mô 2,Tindjasse,Micro-finance,Micro-Finance,Utilisé,En activité,Mar–Mer–Jeu–Ven–Sam,5,True,False,True,0.4636942079689802,8.65053963279447,Mô 2,Mô,Concordant
_mview_finance_etablissements_banque.fid-7b1c8a4a_1943cbfe119_-4460,WAGES Hahotoe,HAHOTOE,Maritime,Vo,Vo 4,Hahotoé,Micro-finance,Micro-Finance,Utilisé,En activité,Lun–Mar–Mer–Jeu–Ven–Sam,6,True,False,True,1.4174033333333325,6.3653716666666655,Vo 4,Vo,Concordant
_mview_finance_etablissements_banque.fid-7b1c8a4a_1943cbfe119_-445f,COOPEC Gaiete de Sokode,Quartier administratif,Centrale,Tchaoudjo,Tchaoudjo 1,Sokodè (Komah),Micro-finance,Micro-Finance,Utilisé,En activité,Mar–Mer–Jeu–Ven–Sam,5,True,False,True,1.1374168660464508,8.97894905470748,Tchaoudjo 1,Tchaoudjo,Concordant
_mview_finance_etablissements_banque.fid-7b1c8a4a_1943cbfe119_-445e,COOPEC AD de Sokode,TCHAWANDA,Centrale,Tchaoudjo,Tchaoudjo 1,Sokodè (Komah),Micro-finance,Micro-Finance,Utilisé,En activité,Lun–Mar–Mer–Jeu–Ven,5,False,False,True,1.1361540914462493,8.988323631561128,Tchaoudjo 1,Tchaoudjo,Concordant
_mview_finance_etablissements_banque.fid-7b1c8a4a_1943cbfe119_-445d,ECOBANK Sokode,SOKODE,Centrale,Tchaoudjo,Tchaoudjo 1,Sokodè (Komah),Banque,Banque,Utilisé,En activité,Lun–Mar–Mer–Jeu–Ven–Sam,6,True,False,True,1.139305810376904,8.988453533954205,Tchaoudjo 1,Tchaoudjo,Concordant
_mview_finance_etablissements_banque.fid-7b1c8a4a_1943cbfe119_-445c,Banque Atlantique Sokodé,SOKODE,Centrale,Tchaoudjo,Tchaoudjo 1,Sokodè (Komah),Banque,Banque,Utilisé,En activité,Lun–Mar–Mer–Jeu–Ven–Sam,6,True,False,True,1.1397067101565963,8.987417421356668,Tchaoudjo 1,Tchaoudjo,Concordant
_mview_finance_etablissements_banque.fid-7b1c8a4a_1943cbfe119_-445b,BSIC Sokode,Sokode,Centrale,Tchaoudjo,Tchaoudjo 1,Sokodè (Komah),Banque,Banque,Utilisé,En activité,Lun–Mar–Mer–Jeu–Ven–Sam,6,True,False,True,1.1380730622757838,8.990393746191828,Tchaoudjo 1,Tchaoudjo,Concordant
_mview_finance_etablissements_banque.fid-7b1c8a4a_1943cbfe119_-445a,SPT Sokode,ZONGO,Centrale,Tchaoudjo,Tchaoudjo 1,Sokodè (Komah),Banque,Banque,Utilisé,En activité,Lun–Mar–Mer–Jeu–Ven–Sam,6,True,False,True,1.1403784361468559,8.985052292635878,Tchaoudjo 1,Tchaoudjo,Concordant
_mview_finance_etablissements_banque.fid-7b1c8a4a_1943cbfe119_-4459,ORABANK Sokode,SOKODE,Centrale,Tchaoudjo,Tchaoudjo 1,Sokodè (Komah),Banque,Banque,Utilisé,En activité,Lun–Mar–Mer–Jeu–Ven–Sam,6,True,False,True,1.135012120185726,8.988120159300394,Tchaoudjo 1,Tchaoudjo,Concordant
_mview_finance_etablissements_banque.fid-7b1c8a4a_1943cbfe119_-4458,BOA Sokodé,SOKODE,Centrale,Tchaoudjo,Tchaoudjo 1,Sokodè (Komah),Banque,Banque,Utilisé,En activité,Lun–Mar–Mer–Jeu–Ven–Sam,6,True,False,True,1.139422366260735,8.9881736394278,Tchaoudjo 1,Tchaoudjo,Concordant
_mview_finance_etablissements_banque.fid-7b1c8a4a_1943cbfe119_-4457,Mutuelle Tibi de Sokode,ZONGO,Centrale,Tchaoudjo,Tchaoudjo 1,Sokodè (Komah),Micro-finance,Micro-Finance,Utilisé,En activité,Lun–Mar–Mer–Jeu–Ven–Sam,6,True,False,True,1.138538662480204,8.989627972962895,Tchaoudjo 1,Tchaoudjo,Concordant
_mview_finance_etablissements_banque.fid-7b1c8a4a_1943cbfe119_-4456,SUNU Bank Akodessewa,AKODESSEWA,Maritime,Golfe,Golfe 1,Bè-Est,Banque,Banque,Utilisé,En activité,Lun–Mar–Mer–Jeu–Ven–Sam,6,True,False,True,1.2409790321902656,6.140851224019129,Golfe 1,Golfe,Concordant
_mview_finance_etablissements_banque.fid-7b1c8a4a_1943cbfe119_-4455,WAGES Sokode,SOKODE,Centrale,Tchaoudjo,Tchaoudjo 1,Sokodè (Komah),Micro-finance,Micro-Finance,Utilisé,En activité,Lun–Mar–Mer–Jeu–Ven,5,False,False,True,1.1408407635574265,8.987919380169773,Tchaoudjo 1,Tchaoudjo,Concordant
_mview_finance_etablissements_banque.fid-7b1c8a4a_1943cbfe119_-4454,URCLEC Sokode,KPANGALAM,Centrale,Tchaoudjo,Tchaoudjo 1,Kpangalam,Micro-finance,Micro-Finance,Utilisé,En activité,Lun–Mar–Mer–Jeu–Ven,5,False,False,True,1.1356097,9.009038100000001,Tchaoudjo 1,Tchaoudjo,Concordant
_mview_finance_etablissements_banque.fid-7b1c8a4a_1943cbfe119_-4453,CORIS Bank Sokode,Sokode,Centrale,Tchaoudjo,Tchaoudjo 1,Sokodè (Komah),Banque,Banque,Utilisé,En activité,Lun–Mar–Mer–Jeu–Ven–Sam,6,True,False,True,1.1383449999999995,8.98977666666667,Tchaoudjo 1,Tchaoudjo,Concordant
_mview_finance_etablissements_banque.fid-7b1c8a4a_1943cbfe119_-4452,Direction URCLEC Sokode,Kpangalam,Centrale,Tchaoudjo,Tchaoudjo 1,Kpangalam,Micro-finance,Micro-Finance,Utilisé,En activité,Lun–Mar–Mer–Jeu–Ven,5,False,False,True,1.1400340808462006,9.02536056426368,Tchaoudjo 1,Tchaoudjo,Concordant
_mview_finance_etablissements_banque.fid-7b1c8a4a_1943cbfe119_-4451,FUCEC Togo Djayowoa,Djayewoa,Centrale,Tchamba,Tchamba 1,Tchamba,Micro-finance,Micro-Finance,Utilisé,En activité,Lun–Mar–Mer–Jeu–Ven,5,False,False,True,1.414178333333333,9.022271666666668,Tchamba 1,Tchamba,Concordant
_mview_finance_etablissements_banque.fid-7b1c8a4a_1943cbfe119_-4450,UTB Tchamba,ZONGO,Centrale,Tchamba,Tchamba 1,Tchamba,Banque,Banque,Utilisé,En activité,Lun–Mar–Mer–Jeu–Ven–Sam–Dim,7,True,True,True,1.4158900000000003,9.028351666666667,Tchamba 1,Tchamba,Concordant
_mview_finance_etablissements_banque.fid-7b1c8a4a_1943cbfe119_-444f,URCLEC Iyiwa,Iyiwa,Centrale,Tchamba,Tchamba 1,Tchamba,Micro-finance,Micro-Finance,Utilisé,En activité,Lun–Mar–Mer–Jeu–Ven,5,False,False,True,1.4149033333333332,9.022533333333334,Tchamba 1,Tchamba,Concordant
_mview_finance_etablissements_banque.fid-7b1c8a4a_1943cbfe119_-444e,UCMECF-TO Tchamba,Forêt chance,Centrale,Tchamba,Tchamba 1,Tchamba,Micro-finance,Micro-Finance,Utilisé,En activité,Lun–Mar–Mer–Jeu–Ven–Sam,6,True,False,True,1.4225500000000004,9.025471666666665,Tchamba 1,Tchamba,Concordant
_mview_finance_etablissements_banque.fid-7b1c8a4a_1943cbfe119_-444d,COOPEC ADESEM Forêt chance,Forêt chance,Centrale,Tchamba,Tchamba 1,Tchamba,Micro-finance,Micro-Finance,Utilisé,En activité,Lun–Mar–Mer–Jeu–Ven,5,False,False,True,1.42318,9.026513333333334,Tchamba 1,Tchamba,Concordant
_mview_finance_etablissements_banque.fid-7b1c8a4a_1943cbfe119_-444c,COOPEC ADESEM Djama,Djama,Centrale,Tchamba,Tchamba 3,Kaboli,Micro-finance,Micro-Finance,Utilisé,En activité,Lun–Mar–Mer–Jeu–Ven,5,False,False,True,1.5851316666666668,8.751820000000002,Tchamba 3,Tchamba,Concordant
_mview_finance_etablissements_banque.fid-7b1c8a4a_1943cbfe119_-444b,FUCEC Togo Guimegue,Guimegue,Centrale,Tchamba,Tchamba 3,Kaboli,Micro-finance,Micro-Finance,Utilisé,En activité,Lun–Mar–Mer–Jeu–Ven,5,False,False,True,1.5953733333333329,8.74755833333334,Tchamba 3,Tchamba,Concordant
_mview_finance_etablissements_banque.fid-7b1c8a4a_1943cbfe119_-444a,URCLEC Adja,Adja,Centrale,Tchamba,Tchamba 3,Kaboli,Micro-finance,Micro-Finance,Utilisé,En activité,Mar–Mer–Jeu–Ven–Sam,5,True,False,True,1.5936216666666667,8.749235,Tchamba 3,Tchamba,Concordant
_mview_finance_etablissements_banque.fid-7b1c8a4a_1943cbfe119_-4449,WAGES Takete,TAKETE,Centrale,Tchamba,Tchamba 3,Kaboli,Micro-finance,Micro-Finance,Utilisé,En activité,Mar–Mer–Jeu–Ven–Sam,5,True,False,True,1.5930166666666665,8.74731333333333,Tchamba 3,Tchamba,Concordant
_mview_finance_etablissements_banque.fid-7b1c8a4a_1943cbfe119_-4448,FUCEC Togo Bassegue,Bassegue,Centrale,Tchamba,Tchamba 2,Koussountou,Micro-finance,Micro-Finance,Utilisé,En activité,Lun–Mar–Mer–Jeu–Ven–Sam,6,True,False,True,1.5183449999999998,8.832591666666668,Tchamba 2,Tchamba,Concordant
_mview_finance_etablissements_banque.fid-7b1c8a4a_1943cbfe119_-4447,CMECF Sokode,SOKODE,Centrale,Tchaoudjo,Tchaoudjo 1,Sokodè (Komah),Micro-finance,Micro-Finance,Utilisé,En activité,Lun–Mar–Mer–Jeu–Ven,5,False,False,True,1.1372728118047162,8.987489146711019,Tchaoudjo 1,Tchaoudjo,Concordant
_mview_finance_etablissements_banque.fid-7b1c8a4a_1943cbfe119_-4446,COOPEC ADESEM Sokodé,Sokode,Centrale,Tchaoudjo,Tchaoudjo 1,Sokodè (Komah),Micro-finance,Micro-Finance,Utilisé,En activité,Lun–Mar–Mer–Jeu–Ven,5,False,False,True,1.1346216666666666,8.98726,Tchaoudjo 1,Tchaoudjo,Concordant
_mview_finance_etablissements_banque.fid-7b1c8a4a_1943cbfe119_-4445,ORABANK Nyékonakpoè,Nyékonakpoè,Maritime,Golfe,Golfe 4,Amoutivé,Banque,Banque,Néant,Statut non renseigné ou ambigu,Lun–Mar–Mer–Jeu–Ven–Sam,6,True,False,True,1.2137183333333335,6.130093333333335,Golfe 4,Golfe,Concordant
_mview_finance_etablissements_banque.fid-7b1c8a4a_1943cbfe119_-4444,SUNU Bank Sokodé,Sokodé,Centrale,Tchaoudjo,Tchaoudjo 1,Sokodè (Komah),Banque,Banque,Utilisé,En activité,Lun–Mar–Mer–Jeu–Ven–Sam,6,True,False,True,1.1362916666666667,8.973838333333331,Tchaoudjo 1,Tchaoudjo,Concordant
_mview_finance_etablissements_banque.fid-7b1c8a4a_1943cbfe119_-4443,SUNU Bank Sotouboua,"Sotouboua, Sondè",Centrale,Sotouboua,Sotouboua 1,Sotouboua,Banque,Banque,Utilisé,En activité,Lun–Mar–Mer–Jeu–Ven–Sam,6,True,False,True,0.978938333333334,8.56456,Sotouboua 1,Sotouboua,Concordant
_mview_finance_etablissements_banque.fid-7b1c8a4a_1943cbfe119_-4442,UTB de Sotouboua,Sondè,Centrale,Sotouboua,Sotouboua 1,Sotouboua,Banque,Banque,Utilisé,En activité,Lun–Mar–Mer–Jeu–Ven–Sam,6,True,False,True,0.9762098228790849,8.561324711379944,Sotouboua 1,Sotouboua,Concordant
_mview_finance_etablissements_banque.fid-7b1c8a4a_1943cbfe119_-4441,COOPEC AD Avepozo,AVEPOZO,Maritime,Golfe,Golfe 6,Baguida,Micro-finance,Micro-Finance,Utilisé,En activité,Lun–Mar–Mer–Jeu–Ven,5,False,False,True,1.3508488315358567,6.171477392594488,Golfe 6,Golfe,Concordant
_mview_finance_etablissements_banque.fid-7b1c8a4a_1943cbfe119_-4440,ORABANK de Sotouboua,SOTOUBOUA SONDE,Centrale,Sotouboua,Sotouboua 1,Sotouboua,Banque,Banque,Utilisé,En activité,Lun–Mar–Mer–Jeu–Ven–Sam,6,True,False,True,0.9751685688305068,8.560778211422667,Sotouboua 1,Sotouboua,Concordant
_mview_finance_etablissements_banque.fid-7b1c8a4a_1943cbfe119_-443f,Banque Atlantique Adidoadin,TOTSI ADIDOADIN,Maritime,Golfe,Golfe 5,Aflao-Gakli,Banque,Banque,Utilisé,En activité,Lun–Mar–Mer–Jeu–Ven–Sam,6,True,False,True,1.1882127801715372,6.199797610560822,Golfe 5,Golfe,Concordant
_mview_finance_etablissements_banque.fid-7b1c8a4a_1943cbfe119_-443e,COOPEC AD Adidogome Madiba,MADIBA,Maritime,Golfe,Golfe 7,Aflao-Sagbado,Micro-finance,Micro-Finance,Utilisé,En activité,Lun–Mar–Mer–Jeu–Ven–Sam,6,True,False,True,1.148209999999999,6.200311666666667,Golfe 7,Golfe,Concordant
_mview_finance_etablissements_banque.fid-7b1c8a4a_1943cbfe119_-443d,WAGES M'heza de Sotouboua,SOTOUBOUA LAW WAYI,Centrale,Sotouboua,Sotouboua 1,Sotouboua,Micro-finance,Micro-Finance,Utilisé,En activité,Lun–Mar–Mer–Ven,4,False,False,True,0.9795333333333334,8.565854999999999,Sotouboua 1,Sotouboua,Concordant
_mview_finance_etablissements_banque.fid-7b1c8a4a_1943cbfe119_-443c,FUCEC Togo de Sotouboua,Lawaye,Centrale,Sotouboua,Sotouboua 1,Sotouboua,Micro-finance,Micro-Finance,Utilisé,En activité,Lun–Mar–Mer–Jeu–Ven–Sam,6,True,False,True,0.9839933333333336,8.561128333333334,Sotouboua 1,Sotouboua,Concordant
_mview_finance_etablissements_banque.fid-7b1c8a4a_1943cbfe119_-443b,URCLEC de Sotouboua,Lawaye,Centrale,Sotouboua,Sotouboua 1,Sotouboua,Micro-finance,Micro-Finance,Utilisé,En activité,Lun–Mar–Mer–Jeu–Ven,5,False,False,True,0.9833055591689458,8.561717960817296,Sotouboua 1,Sotouboua,Concordant
_mview_finance_etablissements_banque.fid-7b1c8a4a_1943cbfe119_-443a,Mutuelle Tibi de Sotouboua,Sondè,Centrale,Sotouboua,Sotouboua 1,Sotouboua,Micro-finance,Micro-Finance,Utilisé,En activité,Lun–Mar–Mer–Jeu–Ven,5,False,False,True,0.9745066666666669,8.561853333333337,Sotouboua 1,Sotouboua,Concordant
_mview_finance_etablissements_banque.fid-7b1c8a4a_1943cbfe119_-4439,UTB Sokodé,KOMAH 1,Centrale,Tchaoudjo,Tchaoudjo 1,Sokodè (Komah),Banque,Banque,Utilisé,En activité,Lun–Mar–Mer–Jeu–Ven–Sam,6,True,False,True,1.1397479376919393,8.984248081094423,Tchaoudjo 1,Tchaoudjo,Concordant
_mview_finance_etablissements_banque.fid-7b1c8a4a_1943cbfe119_-4438,CMECF Sotouboua,SOTOUBOUA,Centrale,Sotouboua,Sotouboua 1,Sotouboua,Micro-finance,Micro-Finance,Utilisé,En activité,Lun–Mar–Mer–Jeu–Ven–Sam,6,True,False,True,0.9812148591194516,8.563263675313134,Sotouboua 1,Sotouboua,Concordant
_mview_finance_etablissements_banque.fid-7b1c8a4a_1943cbfe119_-4437,CECO COOP de Sotouboua,SOTOUBOUA,Centrale,Sotouboua,Sotouboua 1,Sotouboua,Micro-finance,Micro-Finance,Utilisé,En activité,Lun–Mar–Mer–Jeu–Ven,5,False,False,True,0.9702683333333327,8.555911666666669,Sotouboua 1,Sotouboua,Concordant
_mview_finance_etablissements_banque.fid-7b1c8a4a_1943cbfe119_-4436,FUCEC Togo Adjengre,ADJENGRE,Centrale,Sotouboua,Sotouboua 2,Adjengré,Micro-finance,Micro-Finance,Utilisé,En activité,Lun–Mar–Mer–Jeu–Ven,5,False,False,True,1.0179816666666672,8.66349,Sotouboua 2,Sotouboua,Concordant
_mview_finance_etablissements_banque.fid-7b1c8a4a_1943cbfe119_-4435,CMECF-sotouboua,Tchébébe,Centrale,Sotouboua,Sotouboua 3,Tchébébé,Micro-finance,Micro-Finance,Utilisé,En activité,Lun–Mar–Mer–Jeu–Ven,5,False,False,True,0.99136,8.430226666666668,Sotouboua 3,Sotouboua,Concordant
_mview_finance_etablissements_banque.fid-7b1c8a4a_1943cbfe119_-4434,Club Entraide Sans Frontière Microfinance,Sotouboua,Centrale,Sotouboua,Sotouboua 1,Sotouboua,Micro-finance,Micro-Finance,Utilisé,En activité,Lun–Mar–Mer–Jeu–Ven–Sam,6,True,False,True,0.9762896155194898,8.560861225625931,Sotouboua 1,Sotouboua,Concordant
_mview_finance_etablissements_banque.fid-7b1c8a4a_1943cbfe119_-4433,COOPEC ADESEM de ADjengre,N/a,Centrale,Sotouboua,Sotouboua 2,Adjengré,Micro-finance,Micro-Finance,Utilisé,En activité,Lun–Mar–Mer–Jeu–Ven–Sam,6,True,False,True,1.020245,8.669360000000003,Sotouboua 2,Sotouboua,Concordant
_mview_finance_etablissements_banque.fid-7b1c8a4a_1943cbfe119_-4432,Caisse Mutuelle d'épargne et de Crédit Pour Les Femmes du Togo de ADjengre,Zongo,Centrale,Sotouboua,Sotouboua 2,Adjengré,Micro-finance,Micro-Finance,Utilisé,En activité,Lun–Mar–Mer–Jeu–Ven,5,False,False,True,1.0196982050820533,8.658409391833956,Sotouboua 2,Sotouboua,Concordant
_mview_finance_etablissements_banque.fid-7b1c8a4a_1943cbfe119_-4431,COOPEC ADESEM Agence de Tchébébé,TCHÉBÉBÉ,Centrale,Sotouboua,Sotouboua 3,Tchébébé,Micro-finance,Micro-Finance,Utilisé,En activité,Lun–Mar–Mer–Jeu–Ven,5,False,False,True,0.9955423597603048,8.433720540039227,Sotouboua 3,Sotouboua,Concordant
_mview_finance_etablissements_banque.fid-7b1c8a4a_1943cbfe119_-4430,FUCEC Togo Enente de Tchebebe,TCHÉBÉBÉ,Centrale,Sotouboua,Sotouboua 3,Tchébébé,Micro-finance,Micro-Finance,Utilisé,En activité,Lun–Mar–Mer–Jeu–Ven,5,False,False,True,0.991393333333333,8.434643333333332,Sotouboua 3,Sotouboua,Concordant
_mview_finance_etablissements_banque.fid-7b1c8a4a_1943cbfe119_-442f,Aliada Agoe,Assiyeye,Maritime,Agoè-Nyivé,Agoè-Nyivé 1,Agoè-Nyivé,Micro-finance,Micro-Finance,Utilisé,En activité,Lun–Mar–Mer–Jeu–Ven–Sam,6,True,False,True,1.197142819167033,6.232668097886787,Agoè-Nyivé 1,Agoè-Nyivé,Concordant
_mview_finance_etablissements_banque.fid-7b1c8a4a_1943cbfe119_-442e,SPT Kpangalam,KPANGALAM,Centrale,Tchaoudjo,Tchaoudjo 1,Kpangalam,Banque,Banque,Utilisé,En activité,Lun–Mar–Mer–Jeu–Ven–Sam,6,True,False,True,1.1361910039466734,9.009539121285307,Tchaoudjo 1,Tchaoudjo,Concordant
_mview_finance_etablissements_banque.fid-7b1c8a4a_1943cbfe119_-442d,URCLEC Lamakaza,Lama kaza,Centrale,Blitta,Blitta 1,Blitta,Micro-finance,Micro-Finance,Utilisé,En activité,Lun–Mar–Mer–Jeu–Ven,5,False,False,True,0.98663,8.32863333333333,Blitta 1,Blitta,Concordant
_mview_finance_etablissements_banque.fid-7b1c8a4a_1943cbfe119_-442c,FUCEC Togo Blitta zongo,Blitta  zongo,Centrale,Blitta,Blitta 1,Blitta,Micro-finance,Micro-Finance,Utilisé,En activité,Lun–Mar–Mer–Jeu–Sam,5,True,False,True,0.9776783333333331,8.326518333333334,Blitta 1,Blitta,Concordant
_mview_finance_etablissements_banque.fid-7b1c8a4a_1943cbfe119_-442b,SPT Pagala Gare,Pagala Gare,Centrale,Blitta,Blitta 1,Pagala-Gare,Banque,Banque,Utilisé,En activité,Lun–Mar–Mer–Jeu–Ven–Sam,6,True,False,True,0.9649733333541228,8.183901666623392,Blitta 1,Blitta,Concordant
_mview_finance_etablissements_banque.fid-7b1c8a4a_1943cbfe119_-442a,UTB Lamakaza,LAMA kaza,Centrale,Blitta,Blitta 1,Blitta,Banque,Banque,Utilisé,En activité,Lun–Mar–Mer–Jeu–Ven–Sam,6,True,False,True,0.9862066666666659,8.33103333333333,Blitta 1,Blitta,Concordant
_mview_finance_etablissements_banque.fid-7b1c8a4a_1943cbfe119_-4429,FUCEC Togo Bagbo,BAGBO,Centrale,Blitta,Blitta 2,Agbandi,Micro-finance,Micro-Finance,Utilisé,En activité,Lun–Mar–Mer–Jeu–Ven–Sam,6,True,False,True,1.1335716666666664,8.230938333333334,Blitta 2,Blitta,Concordant
_mview_finance_etablissements_banque.fid-7b1c8a4a_1943cbfe119_-4428,Micro Finance URCLEC de Pagala Gare,PAGALA zongo,Centrale,Blitta,Blitta 1,Pagala-Gare,Micro-finance,Micro-Finance,Utilisé,En activité,Mar–Mer–Jeu–Ven–Sam,5,True,False,True,0.9652233333333337,8.1837,Blitta 1,Blitta,Concordant
_mview_finance_etablissements_banque.fid-7b1c8a4a_1943cbfe119_-4427,UCMEF de Pagala Gare,Lonaba,Centrale,Blitta,Blitta 1,Pagala-Gare,Micro-finance,Micro-Finance,Utilisé,En activité,Lun–Mar–Mer–Jeu–Ven–Sam,6,True,False,True,0.9714516666666663,8.180305000000002,Blitta 1,Blitta,Concordant
_mview_finance_etablissements_banque.fid-7b1c8a4a_1943cbfe119_-4426,SPT Sotouboua,Sondè,Centrale,Sotouboua,Sotouboua 1,Sotouboua,Banque,Banque,Utilisé,En activité,Lun–Mar–Mer–Jeu–Ven–Sam,6,True,False,True,0.9775760085394088,8.5643739673124,Sotouboua 1,Sotouboua,Concordant
_mview_finance_etablissements_banque.fid-7b1c8a4a_1943cbfe119_-4425,BIA Togo de Be Apeyeyeme,BE APEYEYEME,Maritime,Golfe,Golfe 1,Bè-Est,Banque,Banque,Néant,Statut non renseigné ou ambigu,Lun–Mar–Mer–Jeu–Ven–Sam,6,True,False,True,1.240335,6.140953333333332,Golfe 1,Golfe,Concordant
_mview_finance_etablissements_banque.fid-7b1c8a4a_1943cbfe119_-4424,SPT ADjengre,Zongo,Centrale,Sotouboua,Sotouboua 2,Adjengré,Banque,Banque,Utilisé,En activité,Lun–Mar–Mer–Jeu–Ven–Sam,6,True,False,True,1.0190543511292038,8.659358968302604,Sotouboua 2,Sotouboua,Concordant
_mview_finance_etablissements_banque.fid-7b1c8a4a_1943cbfe119_-4423,Finance-centralespt-tchamba,TCHAMBA,Centrale,Tchamba,Tchamba 1,Tchamba,Micro-finance,Micro-Finance,Utilisé,En activité,Lun–Mar–Mer–Jeu–Ven–Sam,6,True,False,True,1.41776,9.020614999999998,Tchamba 1,Tchamba,Concordant
_mview_finance_etablissements_banque.fid-7b1c8a4a_1943cbfe119_-4422,Finance Centrale Spt-kaboli,GUINIGUI,Centrale,Tchamba,Tchamba 3,Kaboli,Micro-finance,Micro-Finance,Utilisé,En activité,Lun–Mar–Mer–Jeu–Ven–Sam,6,True,False,True,1.5959683333333334,8.748108333333333,Tchamba 3,Tchamba,Concordant
_mview_finance_etablissements_banque.fid-7b1c8a4a_1943cbfe119_-4421,STP Blitta,BLITTA GARE,Centrale,Blitta,Blitta 1,Blitta,Banque,Banque,Utilisé,En activité,Lun–Mar–Mer–Jeu–Ven–Sam,6,True,False,True,0.9782261175862939,8.32468879147974,Blitta 1,Blitta,Concordant
_mview_finance_etablissements_banque.fid-7b1c8a4a_1943cbfe119_-4420,FUCEC Togo Adétikopé,ADETICOPE,Maritime,Agoè-Nyivé,Agoè-Nyivé 6,Adétikopé,Micro-finance,Micro-Finance,Néant,Statut non renseigné ou ambigu,Lun–Mar–Mer–Jeu–Ven,5,False,False,True,1.2184175481834236,6.320862661814265,Agoè-Nyivé 6,Agoè-Nyivé,Concordant
_mview_finance_etablissements_banque.fid-7b1c8a4a_1943cbfe119_-441f,La Mutuelle Dignite Humaine,ADETIKOPE,Maritime,Agoè-Nyivé,Agoè-Nyivé 6,Adétikopé,Micro-finance,Micro-Finance,Utilisé,En activité,Lun–Mar–Mer–Jeu–Ven–Sam,6,True,False,True,1.222168333333333,6.315060000000002,Agoè-Nyivé 6,Agoè-Nyivé,Concordant
_mview_finance_etablissements_banque.fid-7b1c8a4a_1943cbfe119_-441e,CECAV Fraternite Adeticope,ADETIKOPE,Maritime,Agoè-Nyivé,Agoè-Nyivé 6,Adétikopé,Micro-finance,Micro-Finance,Utilisé,En activité,Lun–Mar–Mer–Jeu–Ven,5,False,False,True,1.2179356009455375,6.318307536869714,Agoè-Nyivé 6,Agoè-Nyivé,Concordant
_mview_finance_etablissements_banque.fid-7b1c8a4a_1943cbfe119_-441d,Mutuelle Akwaba Adetikope,ADETIKOPE,Maritime,Agoè-Nyivé,Agoè-Nyivé 6,Adétikopé,Micro-finance,Micro-Finance,Utilisé,En activité,Lun–Mar–Mer–Jeu–Ven–Sam,6,True,False,True,1.2193,6.320983333333334,Agoè-Nyivé 6,Agoè-Nyivé,Concordant
_mview_finance_etablissements_banque.fid-7b1c8a4a_1943cbfe119_-441c,Mutuelle Digitale Humaine Agoè Assiyéué,Assiyéyé,Maritime,Agoè-Nyivé,Agoè-Nyivé 1,Agoè-Nyivé,Micro-finance,Micro-Finance,Utilisé,En activité,Lun–Mar–Mer–Jeu–Ven–Sam,6,True,False,True,1.1967199999999998,6.233856666666666,Agoè-Nyivé 1,Agoè-Nyivé,Concordant
_mview_finance_etablissements_banque.fid-7b1c8a4a_1943cbfe119_-441b,CEF-MF Legbassito,LEGBASSITO,Maritime,Agoè-Nyivé,Agoè-Nyivé 1,Agoè-Nyivé,Micro-finance,Micro-Finance,Utilisé,En activité,Lun–Mar–Mer–Jeu–Ven–Sam,6,True,False,True,1.167679999999999,6.256730000000002,Agoè-Nyivé 1,Agoè-Nyivé,Concordant
_mview_finance_etablissements_banque.fid-7b1c8a4a_1943cbfe119_-441a,ORABANK Assiyeye,AGOE ASSIYEYE,Maritime,Agoè-Nyivé,Agoè-Nyivé 1,Agoè-Nyivé,Banque,Banque,Utilisé,En activité,Lun–Mar–Mer–Jeu–Ven–Sam,6,True,False,True,1.1972415814054413,6.232927573115106,Agoè-Nyivé 1,Agoè-Nyivé,Concordant
_mview_finance_etablissements_banque.fid-7b1c8a4a_1943cbfe119_-4419,WAGES Agoe,AGOE ASSIYEYE,Maritime,Agoè-Nyivé,Agoè-Nyivé 1,Agoè-Nyivé,Micro-finance,Micro-Finance,Utilisé,En activité,Lun–Mar–Mer–Jeu–Ven–Sam,6,True,False,True,1.1987100000000002,6.231383333333335,Agoè-Nyivé 1,Agoè-Nyivé,Concordant
_mview_finance_etablissements_banque.fid-7b1c8a4a_1943cbfe119_-4418,SGT Lomé Port,LOME PORT,Maritime,Golfe,Golfe 1,Bè-Est,Banque,Banque,Utilisé,En activité,Lun–Mar–Mer–Jeu–Ven,5,False,False,True,1.27442064514978,6.143232572355724,Golfe 1,Golfe,Concordant
_mview_finance_etablissements_banque.fid-7b1c8a4a_1943cbfe119_-4417,COOPEC la Grâce Divine,AGOE SOGBOSSITO,Maritime,Agoè-Nyivé,Agoè-Nyivé 1,Agoè-Nyivé,Micro-finance,Micro-Finance,Utilisé,En activité,Lun–Mar–Mer–Jeu–Ven,5,False,False,True,1.1756911188695065,6.2571894804405845,Agoè-Nyivé 1,Agoè-Nyivé,Concordant
_mview_finance_etablissements_banque.fid-7b1c8a4a_1943cbfe119_-4416,CECAV Yayra Agoe,Agoe Assiyeye,Maritime,Agoè-Nyivé,Agoè-Nyivé 1,Agoè-Nyivé,Micro-finance,Micro-Finance,Utilisé,En activité,Lun–Mar–Mer–Jeu–Ven–Sam,6,True,False,True,1.1958578884997517,6.234360589748889,Agoè-Nyivé 1,Agoè-Nyivé,Concordant
_mview_finance_etablissements_banque.fid-7b1c8a4a_1943cbfe119_-4415,URCLEC Agoè Assiyéyé,AGOE ASSIYEYE,Maritime,Agoè-Nyivé,Agoè-Nyivé 1,Agoè-Nyivé,Micro-finance,Micro-Finance,Utilisé,En activité,Lun–Mar–Mer–Jeu–Ven,5,False,False,True,1.198771666666666,6.230906666666669,Agoè-Nyivé 1,Agoè-Nyivé,Concordant
_mview_finance_etablissements_banque.fid-7b1c8a4a_1943cbfe119_-4414,Banque Altantique Luxolin,Luxolin,Maritime,Golfe,Golfe 6,Baguida,Banque,Banque,Utilisé,En activité,Lun–Mar–Mer–Jeu–Ven–Sam,6,True,False,True,1.3158102189914611,6.161233870428658,Golfe 6,Golfe,Concordant
_mview_finance_etablissements_banque.fid-7b1c8a4a_1943cbfe119_-4413,LMF le Pavillon,DECKON,Maritime,Golfe,Golfe 4,Amoutivé,Micro-finance,Micro-Finance,Néant,Statut non renseigné ou ambigu,Lun–Mar–Mer–Jeu–Ven–Sam,6,True,False,True,1.22862364676609,6.137680684468465,Golfe 4,Golfe,Concordant
_mview_finance_etablissements_banque.fid-7b1c8a4a_1943cbfe119_-4412,WAGES Baguida,BAGUIDA,Maritime,Golfe,Golfe 6,Baguida,Micro-finance,Micro-Finance,Utilisé,En activité,Lun–Mar–Mer–Jeu–Ven–Sam,6,True,False,True,1.3282733333333334,6.1662366666666655,Golfe 6,Golfe,Concordant
_mview_finance_etablissements_banque.fid-7b1c8a4a_1943cbfe119_-4411,CORIS Bank ADidogome Madiba,ADIDOGOME MADIBA,Maritime,Golfe,Golfe 5,Aflao-Gakli,Banque,Banque,Utilisé,En activité,Lun–Mar–Mer–Jeu–Ven–Sam,6,True,False,True,1.1513587700659638,6.197987679351148,Golfe 5,Golfe,Concordant
_mview_finance_etablissements_banque.fid-7b1c8a4a_1943cbfe119_-4410,Microfinance COECEB Adidogome Assiyeye,ADIDOGOME,Maritime,Golfe,Golfe 7,Aflao-Sagbado,Micro-finance,Micro-Finance,Utilisé,En activité,Lun–Mar–Mer–Jeu–Ven–Sam,6,True,False,True,1.1460301112439952,6.197518845535679,Golfe 7,Golfe,Concordant
_mview_finance_etablissements_banque.fid-7b1c8a4a_1943cbfe119_-440f,Microfinance COOP ICEC,ADIDOGOME,Maritime,Golfe,Golfe 7,Aflao-Sagbado,Micro-finance,Micro-Finance,Néant,Statut non renseigné ou ambigu,Lun–Mar–Mer–Jeu–Ven–Sam,6,True,False,True,1.1449674215718737,6.198527684220908,Golfe 7,Golfe,Concordant
_mview_finance_etablissements_banque.fid-7b1c8a4a_1943cbfe119_-440e,SPT Avepozo,AVEPOZO,Maritime,Golfe,Golfe 6,Baguida,Banque,Banque,Utilisé,En activité,Lun–Mar–Mer–Jeu–Ven–Sam,6,True,False,True,1.3447015257107187,6.169299674041963,Golfe 6,Golfe,Concordant
_mview_finance_etablissements_banque.fid-7b1c8a4a_1943cbfe119_-440d,Microfinance Millenium Apedokoe,APEDOKOE,Maritime,Golfe,Golfe 7,Aflao-Sagbado,Micro-finance,Micro-Finance,Utilisé,En activité,Lun–Mar–Mer–Jeu–Ven–Sam,6,True,False,True,1.1439749999999995,6.203886666666669,Golfe 7,Golfe,Concordant
_mview_finance_etablissements_banque.fid-7b1c8a4a_1943cbfe119_-440c,Microfinance Echoppe Togo Wonye,WOGNOME,Maritime,Golfe,Golfe 7,Aflao-Sagbado,Micro-finance,Micro-Finance,Utilisé,En activité,Lun–Mar–Mer–Jeu–Ven–Sam,6,True,False,True,1.1478466666666665,6.191235000000001,Golfe 7,Golfe,Concordant
_mview_finance_etablissements_banque.fid-7b1c8a4a_1943cbfe119_-440b,BOA Dekon,DECKON,Maritime,Golfe,Golfe 4,Amoutivé,Banque,Banque,Néant,Statut non renseigné ou ambigu,Lun–Mar–Mer–Jeu–Ven–Sam,6,True,False,True,1.2268605396590395,6.136367321450171,Golfe 4,Golfe,Concordant
_mview_finance_etablissements_banque.fid-7b1c8a4a_1943cbfe119_-440a,CORIS Bank ADIDO-ADIN,ADIDO-ADIN,Maritime,Agoè-Nyivé,Agoè-Nyivé 1,Agoè-Nyivé,Banque,Banque,Autre,Statut non renseigné ou ambigu,Lun–Mar–Mer–Jeu–Ven–Sam,6,True,False,True,1.1894887451533154,6.209047659605975,Agoè-Nyivé 1,Agoè-Nyivé,Concordant
_mview_finance_etablissements_banque.fid-7b1c8a4a_1943cbfe119_-4409,IB Bank Agbalépédogan,AGBALEPEDOGAN,Maritime,Golfe,Golfe 5,Aflao-Gakli,Banque,Banque,Utilisé,En activité,Lun–Mar–Mer–Jeu–Ven–Sam,6,True,False,True,1.2008404516935074,6.197587713632931,Golfe 5,Golfe,Concordant
_mview_finance_etablissements_banque.fid-7b1c8a4a_1943cbfe119_-4408,NSIA Banque Agbalepedogan,AGBALEPEDOGAN,Maritime,Golfe,Golfe 3,Bè-Ouest,Banque,Banque,Utilisé,En activité,Lun–Mar–Mer–Jeu–Ven,5,False,False,True,1.2075839,6.188443499999999,Golfe 3,Golfe,Concordant
_mview_finance_etablissements_banque.fid-7b1c8a4a_1943cbfe119_-4407,GTA Assurance,GTA,Maritime,Golfe,Golfe 3,Bè-Ouest,Assurance,Assurance,Utilisé,En activité,Lun–Mar–Mer–Jeu–Ven,5,False,False,True,1.2091357482495653,6.191123249293486,Golfe 3,Golfe,Concordant
_mview_finance_etablissements_banque.fid-7b1c8a4a_1943cbfe119_-4406,COECEPT Avédji,AVEDJI,Maritime,Golfe,Golfe 5,Aflao-Gakli,Micro-finance,Micro-Finance,Utilisé,En activité,Lun–Mar–Mer–Jeu–Ven,5,False,False,True,1.1726286999999995,6.1931832,Golfe 5,Golfe,Concordant
_mview_finance_etablissements_banque.fid-7b1c8a4a_1943cbfe119_-4405,COOPEC AD Agbalépédogan,AGBALEPEDOGAN,Maritime,Golfe,Golfe 5,Aflao-Gakli,Micro-finance,Micro-Finance,Utilisé,En activité,Lun–Mar–Mer–Jeu–Ven–Sam,6,True,False,True,1.1926177999999996,6.195376700000001,Golfe 5,Golfe,Concordant
_mview_finance_etablissements_banque.fid-7b1c8a4a_1943cbfe119_-4404,BIA Togo Akodessewa,N/a,Maritime,Golfe,Golfe 1,Bè-Est,Banque,Banque,Utilisé,En activité,Lun–Mar–Mer–Jeu–Ven–Sam,6,True,False,True,1.2671495496505338,6.1554281268825015,Golfe 1,Golfe,Concordant
_mview_finance_etablissements_banque.fid-7b1c8a4a_1943cbfe119_-4403,CECAV Fraternité,AVEPOZO,Maritime,Golfe,Golfe 6,Baguida,Micro-finance,Micro-Finance,Utilisé,En activité,Lun–Mar–Mer–Jeu–Ven–Sam,6,True,False,True,1.3490751938088497,6.170911213820332,Golfe 6,Golfe,Concordant
_mview_finance_etablissements_banque.fid-7b1c8a4a_1943cbfe119_-4402,COOPEC AD,N/a,Maritime,Golfe,Golfe 1,Bè-Est,Micro-finance,Micro-Finance,Utilisé,En activité,Lun–Mar–Mer–Jeu–Ven–Sam,6,True,False,True,1.2715866666666666,6.165543333333335,Golfe 1,Golfe,Concordant
_mview_finance_etablissements_banque.fid-7b1c8a4a_1943cbfe119_-4401,COCEC de Kanyikope,KANYIKOPE,Maritime,Golfe,Golfe 1,Bè-Est,Micro-finance,Micro-Finance,Utilisé,En activité,Lun–Mar–Mer–Jeu–Ven–Sam,6,True,False,True,1.296562052580254,6.167922215436336,Golfe 1,Golfe,Concordant
_mview_finance_etablissements_banque.fid-7b1c8a4a_1943cbfe119_-4400,MECI d'attiegou,ATTIEGOUVI,Maritime,Golfe,Golfe 2,Bè-Centre,Micro-finance,Micro-Finance,Utilisé,En activité,Lun–Mar–Mer–Jeu–Ven–Sam,6,True,False,True,1.2710487271684414,6.187670142378855,Golfe 2,Golfe,Concordant
_mview_finance_etablissements_banque.fid-7b1c8a4a_1943cbfe119_-43ff,WAGES d'adakpame,ADAKPAME,Maritime,Golfe,Golfe 1,Bè-Est,Micro-finance,Micro-Finance,Utilisé,En activité,Lun–Mar–Mer–Jeu–Ven–Sam,6,True,False,True,1.289845023649574,6.170179306226796,Golfe 1,Golfe,Concordant
_mview_finance_etablissements_banque.fid-7b1c8a4a_1943cbfe119_-43fe,Mutual Finance,ADIDOADIN,Maritime,Agoè-Nyivé,Agoè-Nyivé 1,Agoè-Nyivé,Micro-finance,Micro-Finance,Utilisé,En activité,Lun–Mar–Mer–Jeu–Ven,5,False,False,True,1.1881831721361695,6.211845685973874,Agoè-Nyivé 1,Agoè-Nyivé,Concordant
_mview_finance_etablissements_banque.fid-7b1c8a4a_1943cbfe119_-43fd,WAGES Avedji,Avedji,Maritime,Golfe,Golfe 5,Aflao-Gakli,Micro-finance,Micro-Finance,Utilisé,En activité,Lun–Mar–Mer–Jeu–Ven–Sam,6,True,False,True,1.1810367065458547,6.201059956400363,Golfe 5,Golfe,Concordant
_mview_finance_etablissements_banque.fid-7b1c8a4a_1943cbfe119_-43fc,Prudential Beneficial Life Insurance,Agbanlépédogan,Maritime,Golfe,Golfe 3,Bè-Ouest,Assurance,Assurance,Utilisé,En activité,Lun–Mar–Mer–Jeu–Ven,5,False,False,True,1.208490520384514,6.192360974830099,Golfe 3,Golfe,Concordant
_mview_finance_etablissements_banque.fid-7b1c8a4a_1943cbfe119_-43fb,SUNU Assurance Akodessewa,AKODESSEWA,Maritime,Golfe,Golfe 1,Bè-Est,Assurance,Assurance,Utilisé,En activité,Lun–Mar–Mer–Jeu–Ven–Sam,6,True,False,True,1.2410017754128015,6.140935731347781,Golfe 1,Golfe,Concordant
_mview_finance_etablissements_banque.fid-7b1c8a4a_1943cbfe119_-43fa,CORIS Bank d'Akodessewa,AKODESSEWA,Maritime,Golfe,Golfe 1,Bè-Est,Banque,Banque,Utilisé,En activité,Lun–Mar–Mer–Jeu–Ven–Sam,6,True,False,True,1.2842216666666664,6.158920000000001,Golfe 1,Golfe,Concordant
_mview_finance_etablissements_banque.fid-7b1c8a4a_1943cbfe119_-43f9,CECAV Akodessewa,AKODESSEWA,Maritime,Golfe,Golfe 1,Bè-Est,Micro-finance,Micro-Finance,Utilisé,En activité,Lun–Mar–Mer–Jeu–Ven–Sam,6,True,False,True,1.2673616666666667,6.152386666666667,Golfe 1,Golfe,Concordant
_mview_finance_etablissements_banque.fid-7b1c8a4a_1943cbfe119_-43f8,ORABANK du Port,LOME PORT,Maritime,Golfe,Golfe 1,Bè-Est,Banque,Banque,Utilisé,En activité,Lun–Mar–Mer–Jeu–Ven–Sam,6,True,False,True,1.26661,6.139035000000001,Golfe 1,Golfe,Concordant
_mview_finance_etablissements_banque.fid-7b1c8a4a_1943cbfe119_-43f7,COCEC Baguida,ADAMAVO,Maritime,Golfe,Golfe 6,Baguida,Micro-finance,Micro-Finance,Utilisé,En activité,Lun–Mar–Mer–Jeu–Ven–Sam,6,True,False,True,1.3136411638919152,6.171486047129651,Golfe 6,Golfe,Concordant
_mview_finance_etablissements_banque.fid-7b1c8a4a_1943cbfe119_-43f6,COOPEC La Fructueuse Adamavo,Adamavo,Maritime,Golfe,Golfe 6,Baguida,Micro-finance,Micro-Finance,Utilisé,En activité,Lun–Mar–Mer–Jeu–Ven,5,False,False,True,1.3065666666666669,6.169595,Golfe 6,Golfe,Concordant
_mview_finance_etablissements_banque.fid-7b1c8a4a_1943cbfe119_-43f5,Coda Zorobar,ZOROBAR,Maritime,Golfe,Golfe 1,Bè-Est,Micro-finance,Micro-Finance,Utilisé,En activité,Lun–Mar–Mer–Jeu–Ven,5,False,False,True,1.2849031,6.1644953000000005,Golfe 1,Golfe,Concordant
_mview_finance_etablissements_banque.fid-7b1c8a4a_1943cbfe119_-43f4,COOPEC la Fructueuse,Attiegouvi,Maritime,Golfe,Golfe 1,Bè-Est,Micro-finance,Micro-Finance,Utilisé,En activité,Lun–Mar–Mer–Jeu–Ven,5,False,False,True,1.2667802999999993,6.165166,Golfe 1,Golfe,Concordant
_mview_finance_etablissements_banque.fid-7b1c8a4a_1943cbfe119_-43f3,SPT Akodessewa,Akodessewa,Maritime,Golfe,Golfe 1,Bè-Est,Banque,Banque,Utilisé,En activité,Lun–Mar–Mer–Jeu–Ven–Sam,6,True,False,True,1.2672350000000001,6.151555,Golfe 1,Golfe,Concordant
_mview_finance_etablissements_banque.fid-7b1c8a4a_1943cbfe119_-43f2,BSIC Lomé Port,Zone portuaire,Maritime,Golfe,Golfe 1,Bè-Est,Banque,Banque,Utilisé,En activité,Lun–Mar–Mer–Jeu–Ven–Sam,6,True,False,True,1.2766162,6.143397599999999,Golfe 1,Golfe,Concordant
_mview_finance_etablissements_banque.fid-7b1c8a4a_1943cbfe119_-43f1,COFEC Baguida,BAGUIDA,Maritime,Golfe,Golfe 6,Baguida,Micro-finance,Micro-Finance,Utilisé,En activité,Lun–Mar–Mer–Jeu–Ven,5,False,False,True,1.3326791532536422,6.168959038121278,Golfe 6,Golfe,Concordant
_mview_finance_etablissements_banque.fid-7b1c8a4a_1943cbfe119_-43f0,ORABANK Baguida,BAGUIDA,Maritime,Golfe,Golfe 6,Baguida,Banque,Banque,Utilisé,En activité,Lun–Mar–Mer–Jeu–Ven–Sam,6,True,False,True,1.3285360279046412,6.164517051498921,Golfe 6,Golfe,Concordant
_mview_finance_etablissements_banque.fid-7b1c8a4a_1943cbfe119_-43ef,CORIS Bank Avepozo,AVEPOZO,Maritime,Golfe,Golfe 6,Baguida,Banque,Banque,Utilisé,En activité,Lun–Mar–Mer–Jeu–Ven–Sam,6,True,False,True,1.3405748319468105,6.168183989263163,Golfe 6,Golfe,Concordant
_mview_finance_etablissements_banque.fid-7b1c8a4a_1943cbfe119_-43ee,ECOBANK Assivito,ASSIVITO,Maritime,Golfe,Golfe 4,Amoutivé,Banque,Banque,Néant,Statut non renseigné ou ambigu,Lun–Mar–Mer–Jeu–Ven–Sam,6,True,False,True,1.2215162673872737,6.129216922087024,Golfe 4,Golfe,Concordant
_mview_finance_etablissements_banque.fid-7b1c8a4a_1943cbfe119_-43ed,COOPECfi Avepozo,AVEPOZO,Maritime,Golfe,Golfe 6,Baguida,Micro-finance,Micro-Finance,Utilisé,En activité,Lun–Mar–Mer–Jeu–Ven–Sam,6,True,False,True,1.337521852719781,6.167714252132774,Golfe 6,Golfe,Concordant
_mview_finance_etablissements_banque.fid-7b1c8a4a_1943cbfe119_-43ec,ORABANK Agence Terminal du Sahel,Terminal du Sahel,Maritime,Agoè-Nyivé,Agoè-Nyivé 4,Togblekope,Banque,Banque,En réfection,Déclaré non opérationnel,Lun–Mar–Mer–Jeu–Ven–Sam,6,True,False,True,1.2100816666666663,6.268985,Agoè-Nyivé 4,Agoè-Nyivé,Concordant
_mview_finance_etablissements_banque.fid-7b1c8a4a_1943cbfe119_-43eb,ECOBANK Akodessewa,AKODESSEWA,Maritime,Golfe,Golfe 1,Bè-Est,Banque,Banque,Utilisé,En activité,Lun–Mar–Mer–Jeu–Ven–Sam,6,True,False,True,1.2657799927264453,6.153124920152232,Golfe 1,Golfe,Concordant
_mview_finance_etablissements_banque.fid-7b1c8a4a_1943cbfe119_-43ea,ORABANK Port,AKODESSEWA,Maritime,Golfe,Golfe 1,Bè-Est,Banque,Banque,Utilisé,En activité,Lun–Mar–Mer–Jeu–Ven–Sam,6,True,False,True,1.2744033333333329,6.143516666666668,Golfe 1,Golfe,Concordant
_mview_finance_etablissements_banque.fid-7b1c8a4a_1943cbfe119_-43e9,BOA Lomé Port,LOME PORT,Maritime,Golfe,Golfe 1,Bè-Est,Banque,Banque,Utilisé,En activité,Lun–Mar–Jeu–Ven–Sam,5,True,False,True,1.2745149007793795,6.142972113871874,Golfe 1,Golfe,Concordant
_mview_finance_etablissements_banque.fid-7b1c8a4a_1943cbfe119_-43e8,ECOBANK Rond Point Port,LOME PORT,Maritime,Golfe,Golfe 1,Bè-Est,Banque,Banque,Utilisé,En activité,Lun–Mar–Mer–Jeu–Ven–Sam,6,True,False,True,1.2745258948325309,6.142863032694351,Golfe 1,Golfe,Concordant
_mview_finance_etablissements_banque.fid-7b1c8a4a_1943cbfe119_-43e7,COOPECfI Assiyeye,Assiyeye,Maritime,Agoè-Nyivé,Agoè-Nyivé 1,Agoè-Nyivé,Micro-finance,Micro-Finance,Utilisé,En activité,Lun–Mar–Mer–Jeu–Ven–Sam,6,True,False,True,1.1975528269774174,6.225889556983486,Agoè-Nyivé 1,Agoè-Nyivé,Concordant
_mview_finance_etablissements_banque.fid-7b1c8a4a_1943cbfe119_-43e6,Microfinance FIDES -Togo Yokoe,YOKOE,Maritime,Golfe,Golfe 7,Aflao-Sagbado,Micro-finance,Micro-Finance,Utilisé,En activité,Lun–Mar–Mer–Jeu–Ven–Sam,6,True,False,True,1.1437457281785857,6.180241237402258,Golfe 7,Golfe,Concordant
_mview_finance_etablissements_banque.fid-7b1c8a4a_1943cbfe119_-43e5,FUCEC Togo Bè,BE,Maritime,Golfe,Golfe 1,Bè-Est,Micro-finance,Micro-Finance,Utilisé,En activité,Lun–Mar–Mer–Jeu–Ven–Sam,6,True,False,True,1.2426933333333334,6.142240000000001,Golfe 1,Golfe,Concordant
_mview_finance_etablissements_banque.fid-7b1c8a4a_1943cbfe119_-43e4,GTA Assurance Akodésséwa,AKODESSEWA,Maritime,Golfe,Golfe 1,Bè-Est,Assurance,Assurance,Utilisé,En activité,Lun–Mar–Mer–Jeu–Ven,5,False,False,True,1.2715166666666669,6.1503916666666685,Golfe 1,Golfe,Concordant
_mview_finance_etablissements_banque.fid-7b1c8a4a_1943cbfe119_-43e3,UTB Lomé Port,ROND POINT PORT,Maritime,Golfe,Golfe 1,Bè-Est,Banque,Banque,Utilisé,En activité,Lun–Mar–Mer–Jeu–Ven–Sam,6,True,False,True,1.2747953293072487,6.143576541821805,Golfe 1,Golfe,Concordant
_mview_finance_etablissements_banque.fid-7b1c8a4a_1943cbfe119_-43e2,SPT Lomé Port,POSTE LOME PORT,Maritime,Golfe,Golfe 1,Bè-Est,Banque,Banque,Utilisé,En activité,Lun–Mar–Mer–Jeu–Ven–Sam,6,True,False,True,1.2755516563489213,6.1441004973871145,Golfe 1,Golfe,Concordant
_mview_finance_etablissements_banque.fid-7b1c8a4a_1943cbfe119_-43e1,COOPEC Maturite TP3,LOME PORT,Maritime,Golfe,Golfe 1,Bè-Est,Micro-finance,Micro-Finance,Utilisé,En activité,Lun–Mar–Mer–Jeu–Ven–Sam,6,True,False,True,1.2886833598005274,6.160222628839682,Golfe 1,Golfe,Concordant
_mview_finance_etablissements_banque.fid-7b1c8a4a_1943cbfe119_-43e0,BTCI Lomé Port,LOME PORT,Maritime,Golfe,Golfe 1,Bè-Est,Banque,Banque,Utilisé,En activité,Lun–Mar–Mer–Jeu–Ven–Sam,6,True,False,True,1.2757155916040237,6.143110371857142,Golfe 1,Golfe,Concordant
_mview_finance_etablissements_banque.fid-7b1c8a4a_1943cbfe119_-43df,COOPEC AD Agence de Legbassito,AHOUNKPOE,Maritime,Agoè-Nyivé,Agoè-Nyivé 2,Légbassito,Micro-finance,Micro-Finance,Utilisé,En activité,Lun–Mar–Mer–Jeu–Ven–Sam,6,True,False,True,1.1522400000000004,6.268031666666668,Agoè-Nyivé 2,Agoè-Nyivé,Concordant
_mview_finance_etablissements_banque.fid-7b1c8a4a_1943cbfe119_-43de,WAGES Agence de Legbassito,AHOUNKPOE,Maritime,Agoè-Nyivé,Agoè-Nyivé 2,Légbassito,Micro-finance,Micro-Finance,Utilisé,En activité,Lun–Mar–Mer–Jeu–Ven,5,False,False,True,1.1519700000000002,6.266851666666668,Agoè-Nyivé 2,Agoè-Nyivé,Concordant
_mview_finance_etablissements_banque.fid-7b1c8a4a_1943cbfe119_-43dd,Banque Atlantique Agence Agbalepedogan,GTA,Maritime,Golfe,Golfe 3,Bè-Ouest,Banque,Banque,Néant,Statut non renseigné ou ambigu,Lun–Mar–Mer–Jeu–Ven–Sam,6,True,False,True,1.2082627695815624,6.19134802346902,Golfe 3,Golfe,Concordant
_mview_finance_etablissements_banque.fid-7b1c8a4a_1943cbfe119_-43dc,FUCEC Togo Agence de Legbassito,Legbassimé,Maritime,Agoè-Nyivé,Agoè-Nyivé 2,Légbassito,Micro-finance,Micro-Finance,Utilisé,En activité,Lun–Mar–Mer–Jeu–Ven–Sam,6,True,False,True,1.151315,6.267165,Agoè-Nyivé 2,Agoè-Nyivé,Concordant
_mview_finance_etablissements_banque.fid-7b1c8a4a_1943cbfe119_-43db,ASJD Agence de Zossime,Zossimé,Maritime,Agoè-Nyivé,Agoè-Nyivé 2,Légbassito,Micro-finance,Micro-Finance,Utilisé,En activité,Lun–Mar–Mer–Jeu–Ven,5,False,False,True,1.1510696396471616,6.233140131385709,Agoè-Nyivé 2,Agoè-Nyivé,Concordant
_mview_finance_etablissements_banque.fid-7b1c8a4a_1943cbfe119_-43da,BOA Baguida,BAGUIDA,Maritime,Golfe,Golfe 6,Baguida,Banque,Banque,Utilisé,En activité,Lun–Mar–Mer–Jeu–Ven–Sam,6,True,False,True,1.320587953967112,6.162544292554736,Golfe 6,Golfe,Concordant
_mview_finance_etablissements_banque.fid-7b1c8a4a_1943cbfe119_-43d9,NSIA Baguida,BAGUIDA,Maritime,Golfe,Golfe 6,Baguida,Banque,Banque,Utilisé,En activité,Lun–Mar–Mer–Jeu–Ven,5,False,False,True,1.334903160420629,6.166494457546458,Golfe 6,Golfe,Concordant
_mview_finance_etablissements_banque.fid-7b1c8a4a_1943cbfe119_-43d8,BIA Togo Baguida,BAGUIDA,Maritime,Golfe,Golfe 6,Baguida,Banque,Banque,Utilisé,En activité,Lun–Mar–Mer–Jeu–Ven–Sam,6,True,False,True,1.3156363022844992,6.161217522821812,Golfe 6,Golfe,Concordant
_mview_finance_etablissements_banque.fid-7b1c8a4a_1943cbfe119_-43d7,FUCEC Togo Baguida,BAGUIDA,Maritime,Golfe,Golfe 6,Baguida,Micro-finance,Micro-Finance,Utilisé,En activité,Lun–Mar–Mer–Jeu–Ven–Sam,6,True,False,True,1.34466333419383,6.169838277997084,Golfe 6,Golfe,Concordant
_mview_finance_etablissements_banque.fid-7b1c8a4a_1943cbfe119_-43d6,Sanlam Baguida,BAGUIDA,Maritime,Golfe,Golfe 6,Baguida,Assurance,Assurance,Utilisé,En activité,Lun–Mar–Mer–Jeu–Ven,5,False,False,True,1.3397850000000002,6.168284999999999,Golfe 6,Golfe,Concordant
_mview_finance_etablissements_banque.fid-7b1c8a4a_1943cbfe119_-43d5,SPT Aeroport International Gnassingbe Eyadema,AEROPORT DE LOME,Maritime,Golfe,Golfe 2,Bè-Centre,Banque,Banque,Utilisé,En activité,Lun–Mar–Mer–Jeu–Ven–Sam,6,True,False,True,1.2522538999999993,6.174271400000001,Golfe 2,Golfe,Concordant
_mview_finance_etablissements_banque.fid-7b1c8a4a_1943cbfe119_-43d4,ECOBANK Aerogare,AEROPORT DE LOME,Maritime,Golfe,Golfe 2,Bè-Centre,Banque,Banque,Utilisé,En activité,Lun–Mar–Mer–Jeu–Ven–Sam,6,True,False,True,1.252095291758954,6.174150719816597,Golfe 2,Golfe,Concordant
_mview_finance_etablissements_banque.fid-7b1c8a4a_1943cbfe119_-43d3,NSIA Banque Aeroport International Gnassingbe Eyadema,AEROPORT DE LOME,Maritime,Golfe,Golfe 2,Bè-Centre,Banque,Banque,Néant,Statut non renseigné ou ambigu,Lun–Mar–Mer–Jeu–Ven,5,False,False,True,1.2529785166790974,6.170669881612013,Golfe 2,Golfe,Concordant
_mview_finance_etablissements_banque.fid-7b1c8a4a_1943cbfe119_-43d2,ORABANK Aéroport,AÉROPORT international,Maritime,Golfe,Golfe 2,Bè-Centre,Banque,Banque,Utilisé,En activité,Lun–Mar–Mer–Jeu–Ven–Sam,6,True,False,True,1.2531106999999995,6.170732600000001,Golfe 2,Golfe,Concordant
_mview_finance_etablissements_banque.fid-7b1c8a4a_1943cbfe119_-43d1,SPT de L 'aeroport International Gnassingbe Eyadema,AÉROPORT,Maritime,Golfe,Golfe 2,Bè-Centre,Banque,Banque,Néant,Statut non renseigné ou ambigu,Lun–Mar–Mer–Jeu–Ven–Sam,6,True,False,True,1.2515283333333331,6.168221666666668,Golfe 2,Golfe,Concordant
_mview_finance_etablissements_banque.fid-7b1c8a4a_1943cbfe119_-43d0,FINAM,N/a,Maritime,Golfe,Golfe 1,Bè-Est,Micro-finance,Micro-Finance,Abandonné,Déclaré non opérationnel,Lun–Mar–Mer–Jeu–Ven–Sam,6,True,False,True,1.2445354856688033,6.143833248529891,Golfe 1,Golfe,Concordant
_mview_finance_etablissements_banque.fid-7b1c8a4a_1943cbfe119_-43cf,MECIT Agbalépédo,AGBALEPEDO,Maritime,Golfe,Golfe 3,Bè-Ouest,Micro-finance,Micro-Finance,Utilisé,En activité,Lun–Mar–Mer–Jeu–Ven–Sam,6,True,False,True,1.2084000000000004,6.195708333333332,Golfe 3,Golfe,Concordant
_mview_finance_etablissements_banque.fid-7b1c8a4a_1943cbfe119_-43ce,Institution de Microfinance,AKODESSEWA,Maritime,Golfe,Golfe 1,Bè-Est,Micro-finance,Micro-Finance,Utilisé,En activité,Lun–Mar–Mer–Jeu–Ven–Sam,6,True,False,True,1.2688716666666666,6.154298333333332,Golfe 1,Golfe,Concordant
_mview_finance_etablissements_banque.fid-7b1c8a4a_1943cbfe119_-43cd,UTB Be Kpehenou,BE KPEHENOU,Maritime,Golfe,Golfe 1,Bè-Est,Banque,Banque,Utilisé,En activité,Lun–Mar–Mer–Jeu–Ven–Sam,6,True,False,True,1.2367188400601268,6.138376818007044,Golfe 1,Golfe,Concordant
_mview_finance_etablissements_banque.fid-7b1c8a4a_1943cbfe119_-43cc,Agence de Transfert Fintech Atilamonou,ATILAMONOU,Maritime,Golfe,Golfe 7,Aflao-Sagbado,Micro-finance,Micro-Finance,Utilisé,En activité,Lun–Mar–Mer–Jeu–Ven–Sam,6,True,False,True,1.1282929798098644,6.217434534859058,Golfe 7,Golfe,Concordant
_mview_finance_etablissements_banque.fid-7b1c8a4a_1943cbfe119_-43cb,Microfinance COECEB Segbe,SEGBE,Maritime,Golfe,Golfe 7,Aflao-Sagbado,Micro-finance,Micro-Finance,En construction,Déclaré non opérationnel,Lun–Mar–Mer–Jeu–Ven–Sam,6,True,False,True,1.112381983876608,6.1945578812987305,Golfe 7,Golfe,Concordant
_mview_finance_etablissements_banque.fid-7b1c8a4a_1943cbfe119_-43ca,Institution de Microfinance Coopad Segbe,SEGBE,Maritime,Golfe,Golfe 7,Aflao-Sagbado,Micro-finance,Micro-Finance,Utilisé,En activité,Lun–Mar–Mer–Jeu–Ven–Sam,6,True,False,True,1.1041383333333334,6.199564999999999,Golfe 7,Golfe,Concordant
_mview_finance_etablissements_banque.fid-7b1c8a4a_1943cbfe119_-43c9,BOA ADidogome,ADIDOGOME,Maritime,Golfe,Golfe 5,Aflao-Gakli,Banque,Banque,Utilisé,En activité,Lun–Mar–Mer–Jeu–Ven–Sam,6,True,False,True,1.1651514078291656,6.185986552617569,Golfe 5,Golfe,Concordant
_mview_finance_etablissements_banque.fid-7b1c8a4a_1943cbfe119_-43c8,SUNU Assurances Avenou,AVENOU,Maritime,Golfe,Golfe 5,Aflao-Gakli,Assurance,Assurance,Utilisé,En activité,Lun–Mar–Mer–Jeu–Ven–Sam,6,True,False,True,1.184621826748101,6.173848230337873,Golfe 5,Golfe,Concordant
_mview_finance_etablissements_banque.fid-7b1c8a4a_1943cbfe119_-43c7,SPT de La Residence du Benin,LOME 2,Maritime,Golfe,Golfe 3,Bè-Ouest,Banque,Banque,Utilisé,En activité,Lun–Mar–Mer–Jeu–Ven–Sam,6,True,False,True,1.2228534215735436,6.173301606161072,Golfe 3,Golfe,Concordant
_mview_finance_etablissements_banque.fid-7b1c8a4a_1943cbfe119_-43c6,SUNU Assurances Vie,NYEKONAKPOE,Maritime,Golfe,Golfe 4,Amoutivé,Assurance,Assurance,Utilisé,En activité,Lun–Mar–Mer–Jeu–Ven,5,False,False,True,1.209842554583579,6.125075568694468,Golfe 4,Golfe,Concordant
_mview_finance_etablissements_banque.fid-7b1c8a4a_1943cbfe119_-43c5,La Protectrice S.A,ADOBOUKOME,Maritime,Golfe,Golfe 4,Amoutivé,Assurance,Assurance,Utilisé,En activité,Lun–Mer–Jeu–Ven,4,False,False,True,1.2276989005765566,6.133603942926623,Golfe 4,Golfe,Concordant
_mview_finance_etablissements_banque.fid-7b1c8a4a_1943cbfe119_-43c4,SGCAR Assurance,AVENUE DE LA CHANCE EN FACE DE LA LONATO,Maritime,Golfe,Golfe 5,Aflao-Gakli,Assurance,Assurance,Utilisé,En activité,Lun–Mar–Mer–Jeu–Ven–Sam–Dim,7,True,True,True,1.2071527572647294,6.188986091570224,Golfe 5,Golfe,Concordant
_mview_finance_etablissements_banque.fid-7b1c8a4a_1943cbfe119_-43c3,COOPEC Grace plus Amadahomé,Amadahome,Maritime,Golfe,Golfe 5,Aflao-Gakli,Micro-finance,Micro-Finance,Utilisé,En activité,Lun–Mar–Mer–Jeu–Ven–Sam,6,True,False,True,1.1522296177821123,6.197206608017171,Golfe 5,Golfe,Concordant
_mview_finance_etablissements_banque.fid-7b1c8a4a_1943cbfe119_-43c2,Afrik Assurance,BOULEVARD DE LA KARA,Maritime,Golfe,Golfe 3,Bè-Ouest,Assurance,Assurance,Utilisé,En activité,Lun–Mar–Mer–Jeu–Ven,5,False,False,True,1.2214349999999998,6.1645650000000005,Golfe 3,Golfe,Concordant
_mview_finance_etablissements_banque.fid-7b1c8a4a_1943cbfe119_-43c1,Lorica Assurance,ATTIKOUME,Maritime,Golfe,Golfe 4,Amoutivé,Assurance,Assurance,Utilisé,En activité,Lun–Mar–Mer–Jeu–Ven,5,False,False,True,1.2032099999999997,6.162918333333333,Golfe 4,Golfe,Concordant
_mview_finance_etablissements_banque.fid-7b1c8a4a_1943cbfe119_-43c0,Careas Assurance,NYEKONAKPOE,Maritime,Golfe,Golfe 4,Amoutivé,Assurance,Assurance,Utilisé,En activité,Lun–Mar–Mer–Jeu–Ven,5,False,False,True,1.2112683333333336,6.129893333333335,Golfe 4,Golfe,Concordant
_mview_finance_etablissements_banque.fid-7b1c8a4a_1943cbfe119_-43bf,Prunelle Assurance,Avedji,Maritime,Agoè-Nyivé,Agoè-Nyivé 1,Agoè-Nyivé,Assurance,Assurance,Utilisé,En activité,Lun–Mar–Mer–Jeu–Ven,5,False,False,True,1.1822295888588907,6.20650397589629,Agoè-Nyivé 1,Golfe,Préfecture voisine
_mview_finance_etablissements_banque.fid-7b1c8a4a_1943cbfe119_-43be,Assur Invest,Amadahome,Maritime,Golfe,Golfe 5,Aflao-Gakli,Assurance,Assurance,Utilisé,En activité,Lun–Mar–Mer–Jeu–Ven,5,False,False,True,1.158949999999999,6.204565000000001,Golfe 5,Golfe,Concordant
_mview_finance_etablissements_banque.fid-7b1c8a4a_1943cbfe119_-43bd,SOCAR Togo,Tokoin protestant,Maritime,Golfe,Golfe 3,Bè-Ouest,Assurance,Assurance,Utilisé,En activité,Lun–Mar–Mer–Jeu–Ven,5,False,False,True,1.2048099999999995,6.1461533333333325,Golfe 3,Golfe,Concordant
_mview_finance_etablissements_banque.fid-7b1c8a4a_1943cbfe119_-43bc,ANOS,Anonmé,Maritime,Agoè-Nyivé,Agoè-Nyivé 1,Agoè-Nyivé,Assurance,Assurance,Utilisé,En activité,Lun–Mar–Mer–Jeu–Ven,5,False,False,True,1.1827816666666657,6.211316666666667,Agoè-Nyivé 1,Agoè-Nyivé,Concordant
_mview_finance_etablissements_banque.fid-7b1c8a4a_1943cbfe119_-43bb,Afrique Envergure Sarl,TOKOIN RAMCO,Maritime,Golfe,Golfe 3,Bè-Ouest,Assurance,Assurance,Utilisé,En activité,Lun–Mar–Mer–Jeu–Ven,5,False,False,True,1.2199581991481316,6.144976987522064,Golfe 3,Golfe,Concordant
_mview_finance_etablissements_banque.fid-7b1c8a4a_1943cbfe119_-43ba,Saeco Assurances,DECKON,Maritime,Golfe,Golfe 4,Amoutivé,Assurance,Assurance,Utilisé,En activité,Lun–Mar–Mer–Jeu–Ven,5,False,False,True,1.2282249999999997,6.138470000000001,Golfe 4,Golfe,Concordant
_mview_finance_etablissements_banque.fid-7b1c8a4a_1943cbfe119_-43b9,Primus Courtier,SEPEREPE,Maritime,Agoè-Nyivé,Agoè-Nyivé 1,Agoè-Nyivé,Assurance,Assurance,Utilisé,En activité,Lun–Mar–Mer–Jeu–Ven,5,False,False,True,1.2009366666666668,6.244696666666666,Agoè-Nyivé 1,Agoè-Nyivé,Concordant
_mview_finance_etablissements_banque.fid-7b1c8a4a_1943cbfe119_-43b8,Direction Nationale COOPEC-AD,KODJOVIACOPE,Maritime,Golfe,Golfe 4,Amoutivé,Micro-finance,Micro-Finance,Utilisé,En activité,Lun–Mar–Mer–Jeu–Ven–Sam,6,True,False,True,1.2033916666666664,6.119546666666667,Golfe 4,Golfe,Concordant
_mview_finance_etablissements_banque.fid-7b1c8a4a_1943cbfe119_-43b7,NSIA Banque Akodessewa,AKODESSEWA,Maritime,Golfe,Golfe 1,Bè-Est,Assurance,Assurance,Utilisé,En activité,Lun–Mar–Mer–Jeu–Ven,5,False,False,True,1.267414999999999,6.155995,Golfe 1,Golfe,Concordant
_mview_finance_etablissements_banque.fid-7b1c8a4a_1943cbfe119_-43b6,Sanlam GTA,AGBALEPEDOGAN,Maritime,Golfe,Golfe 3,Bè-Ouest,Assurance,Assurance,Utilisé,En activité,Lun–Mar–Mer–Jeu–Ven,5,False,False,True,1.2107797,6.1916811,Golfe 3,Golfe,Concordant
_mview_finance_etablissements_banque.fid-7b1c8a4a_1943cbfe119_-43b5,CIF-Vie Togo S.A,Atikoumè,Maritime,Golfe,Golfe 3,Bè-Ouest,Assurance,Assurance,Utilisé,En activité,Lun–Mar–Mer–Jeu–Ven,5,False,False,True,1.2029399806539445,6.167255284205092,Golfe 3,Golfe,Concordant
_mview_finance_etablissements_banque.fid-7b1c8a4a_1943cbfe119_-43b4,LC Assurance,KLIKAMÈ,Maritime,Golfe,Golfe 3,Bè-Ouest,Assurance,Assurance,Néant,Statut non renseigné ou ambigu,Lun–Mar–Mer–Jeu–Ven–Sam,6,True,False,True,1.2053931107341227,6.176976999701076,Golfe 3,Golfe,Concordant
_mview_finance_etablissements_banque.fid-7b1c8a4a_1943cbfe119_-43b3,BTCI Dékon,DEKON,Maritime,Golfe,Golfe 4,Amoutivé,Assurance,Assurance,En construction,Déclaré non opérationnel,Lun–Mar–Mer–Jeu–Ven,5,False,False,True,1.2257325214452939,6.136157197214607,Golfe 4,Golfe,Concordant
_mview_finance_etablissements_banque.fid-7b1c8a4a_1943cbfe119_-43b2,SIAR Assurance,TOKOIN TAME,Maritime,Golfe,Golfe 3,Bè-Ouest,Assurance,Assurance,Utilisé,En activité,Lun–Mar–Mer–Jeu–Ven,5,False,False,True,1.2233313905161691,6.168148072124631,Golfe 3,Golfe,Concordant
_mview_finance_etablissements_banque.fid-7b1c8a4a_1943cbfe119_-43b1,CAR.AF.E. Assurance,ADEWI,Maritime,Golfe,Golfe 3,Bè-Ouest,Assurance,Assurance,Utilisé,En activité,Lun–Mar–Mer–Jeu–Ven,5,False,False,True,1.2098214081143375,6.162325180486899,Golfe 3,Golfe,Concordant
_mview_finance_etablissements_banque.fid-7b1c8a4a_1943cbfe119_-43b0,SCAT Assurance,AGBALEPEDO,Maritime,Golfe,Golfe 5,Aflao-Gakli,Assurance,Assurance,Utilisé,En activité,Lun–Mar–Mer–Jeu–Ven,5,False,False,True,1.2001175582264891,6.184071108735669,Golfe 5,Golfe,Concordant
_mview_finance_etablissements_banque.fid-7b1c8a4a_1943cbfe119_-43af,CCM Assurance Avé Maria,AVE MARIA,Maritime,Golfe,Golfe 5,Aflao-Gakli,Assurance,Assurance,Utilisé,En activité,Lun–Mar–Mer–Jeu–Ven,5,False,False,True,1.183321513499177,6.175470574419579,Golfe 5,Golfe,Concordant
_mview_finance_etablissements_banque.fid-7b1c8a4a_1943cbfe119_-43ae,Bellis Courtage Assurance,Kodjoviakopé,Maritime,Golfe,Golfe 4,Amoutivé,Assurance,Assurance,Utilisé,En activité,Lun–Mar–Mer–Jeu–Ven,5,False,False,True,1.2127519999999994,6.1358684,Golfe 4,Golfe,Concordant
_mview_finance_etablissements_banque.fid-7b1c8a4a_1943cbfe119_-43ad,MECI de Be Kpota,MECI,Maritime,Golfe,Golfe 1,Bè-Est,Micro-finance,Micro-Finance,Utilisé,En activité,Lun–Mar–Mer–Jeu–Ven,5,False,False,True,1.2641033333333327,6.160768333333334,Golfe 1,Golfe,Concordant
_mview_finance_etablissements_banque.fid-7b1c8a4a_1943cbfe119_-43ac,Gras Savoye,Hanoukopé,Maritime,Golfe,Golfe 4,Amoutivé,Assurance,Assurance,Utilisé,En activité,Lun–Mar–Mer–Jeu–Ven,5,False,False,True,1.217001666666666,6.134925,Golfe 4,Golfe,Concordant
_mview_finance_etablissements_banque.fid-7b1c8a4a_1943cbfe119_-43ab,ASCOMA,NIKONAKPOE,Maritime,Golfe,Golfe 3,Bè-Ouest,Assurance,Assurance,Utilisé,En activité,Lun–Mar–Mer–Jeu–Ven,5,False,False,True,1.2020733333333333,6.149055,Golfe 3,Golfe,Concordant
_mview_finance_etablissements_banque.fid-7b1c8a4a_1943cbfe119_-43aa,ARIA-Togo Akodessewa,AKODESSEWA,Maritime,Golfe,Golfe 1,Bè-Est,Assurance,Assurance,Utilisé,En activité,Lun–Mar–Mer–Jeu–Ven,5,False,False,True,1.2652766666666664,6.153990000000002,Golfe 1,Golfe,Concordant
_mview_finance_etablissements_banque.fid-7b1c8a4a_1943cbfe119_-43a9,OLEA-Togo,BE PA DESUZA,Maritime,Golfe,Golfe 1,Bè-Est,Assurance,Assurance,Utilisé,En activité,Lun–Mar–Mer–Jeu–Ven,5,False,False,True,1.2487166666666665,6.133033333333334,Golfe 1,Golfe,Concordant
_mview_finance_etablissements_banque.fid-7b1c8a4a_1943cbfe119_-43a8,NSIA Assurance Avé Maria,AVE MARIA,Maritime,Golfe,Golfe 5,Aflao-Gakli,Banque,Banque,Utilisé,En activité,Lun–Mar–Mer–Jeu–Ven–Sam,6,True,False,True,1.1859034176359768,6.173244622853102,Golfe 5,Golfe,Concordant
_mview_finance_etablissements_banque.fid-7b1c8a4a_1943cbfe119_-43a7,Societe Generale Internationale de Courtage (sgic Sarl),TOKOIN WUITI,Maritime,Golfe,Golfe 3,Bè-Ouest,Assurance,Assurance,Utilisé,En activité,Lun–Mar–Mer–Jeu–Ven,5,False,False,True,1.2344707453584518,6.1684839635729185,Golfe 3,Golfe,Concordant
_mview_finance_etablissements_banque.fid-7b1c8a4a_1943cbfe119_-43a6,UTB Adidoadin,ADIDOADIN,Maritime,Golfe,Golfe 5,Aflao-Gakli,Banque,Banque,Utilisé,En activité,Lun–Mar–Mer–Jeu–Ven–Sam,6,True,False,True,1.1899101106977108,6.20527813869813,Golfe 5,Golfe,Concordant
_mview_finance_etablissements_banque.fid-7b1c8a4a_1943cbfe119_-43a5,SCA-Togo Agbalepedogan,AGBALPEDOGAN,Maritime,Golfe,Golfe 3,Bè-Ouest,Assurance,Assurance,Utilisé,En activité,Lun–Mar–Mer–Jeu–Ven,5,False,False,True,1.2067599999999994,6.184870000000001,Golfe 3,Golfe,Concordant
_mview_finance_etablissements_banque.fid-7b1c8a4a_1943cbfe119_-43a4,COOPEC-AD Ramco,TOKOIN RAMCO,Maritime,Golfe,Golfe 3,Bè-Ouest,Micro-finance,Micro-Finance,Utilisé,En activité,Lun–Mar–Mer–Jeu–Ven–Sam,6,True,False,True,1.2189766666666666,6.150776666666667,Golfe 3,Golfe,Concordant
_mview_finance_etablissements_banque.fid-7b1c8a4a_1943cbfe119_-43a3,Fidelia Assurance Nyekonakpoè,NYEKONAKPOE,Maritime,Golfe,Golfe 4,Amoutivé,Assurance,Assurance,Utilisé,En activité,Lun–Mar–Mer–Jeu–Ven,5,False,False,True,1.2128904412467998,6.130845094475759,Golfe 4,Golfe,Concordant
_mview_finance_etablissements_banque.fid-7b1c8a4a_1943cbfe119_-43a2,SCA-Togo Kodjoviakope,KODJOVIAKOPE,Maritime,Golfe,Golfe 4,Amoutivé,Assurance,Assurance,Utilisé,En activité,Lun–Mar–Mer–Jeu–Ven,5,False,False,True,1.2074283333333333,6.1224983333333345,Golfe 4,Golfe,Concordant
_mview_finance_etablissements_banque.fid-7b1c8a4a_1943cbfe119_-43a1,CARI Conseil,HANOUKOPE,Maritime,Golfe,Golfe 4,Amoutivé,Assurance,Assurance,Utilisé,En activité,Lun–Mar–Mer–Jeu–Ven,5,False,False,True,1.2194981944364922,6.1357476430245965,Golfe 4,Golfe,Concordant
_mview_finance_etablissements_banque.fid-7b1c8a4a_1943cbfe119_-43a0,A.C.A,Zousanetsime,Maritime,Golfe,Golfe 1,Bè-Est,Assurance,Assurance,Utilisé,En activité,Lun–Mar–Mer–Jeu–Ven,5,False,False,True,1.2372279723486592,6.131139232834214,Golfe 1,Golfe,Concordant
_mview_finance_etablissements_banque.fid-7b1c8a4a_1943cbfe119_-439f,BC2A Agbalépédogan,AGBALOPEDOGAN,Maritime,Agoè-Nyivé,Agoè-Nyivé 1,Agoè-Nyivé,Assurance,Assurance,Utilisé,En activité,Lun–Mar–Mer–Jeu–Ven–Sam,6,True,False,True,1.2038933333333333,6.200114999999999,Agoè-Nyivé 1,Golfe,Préfecture voisine
_mview_finance_etablissements_banque.fid-7b1c8a4a_1943cbfe119_-439e,S2CA,LEO 2000,Maritime,Agoè-Nyivé,Agoè-Nyivé 3,Vakpossito,Assurance,Assurance,Utilisé,En activité,Lun–Mar–Mer–Jeu–Ven,5,False,False,True,1.175019457887101,6.211470619946535,Agoè-Nyivé 3,Agoè-Nyivé,Concordant
_mview_finance_etablissements_banque.fid-7b1c8a4a_1943cbfe119_-439d,La Citoyenneté Vie,TOTSI,Maritime,Golfe,Golfe 5,Aflao-Gakli,Assurance,Assurance,Utilisé,En activité,Lun–Mar–Mer–Jeu–Ven,5,False,False,True,1.1882950000000003,6.198784999999999,Golfe 5,Golfe,Concordant
_mview_finance_etablissements_banque.fid-7b1c8a4a_1943cbfe119_-439c,Banque Atlantique Nyékonakpoè,Nyékonakpoè,Maritime,Golfe,Golfe 4,Amoutivé,Banque,Banque,Néant,Statut non renseigné ou ambigu,Lun–Mar–Mer–Jeu–Ven–Sam,6,True,False,True,1.2217881500060723,6.128869630544678,Golfe 4,Golfe,Concordant
_mview_finance_etablissements_banque.fid-7b1c8a4a_1943cbfe119_-439b,UTB Circulaire,NYEKONAKPOE,Maritime,Golfe,Golfe 4,Amoutivé,Banque,Banque,Utilisé,En activité,Lun–Mar–Mer–Jeu–Ven–Sam,6,True,False,True,1.2099416569012376,6.126683238406481,Golfe 4,Golfe,Concordant
_mview_finance_etablissements_banque.fid-7b1c8a4a_1943cbfe119_-439a,NSIA Assurance Dékon,DEKON,Maritime,Golfe,Golfe 4,Amoutivé,Assurance,Assurance,Utilisé,En activité,Lun–Mar–Mer–Jeu–Ven,5,False,False,True,1.2232397053236566,6.134105981293428,Golfe 4,Golfe,Concordant
_mview_finance_etablissements_banque.fid-7b1c8a4a_1943cbfe119_-4399,UTB ADidoadin,ADIDOADIN,Maritime,Agoè-Nyivé,Agoè-Nyivé 1,Agoè-Nyivé,Banque,Banque,Utilisé,En activité,Lun–Mar–Mer–Jeu–Ven,5,False,False,True,1.1896800177043503,6.206290569555356,Agoè-Nyivé 1,Agoè-Nyivé,Concordant
_mview_finance_etablissements_banque.fid-7b1c8a4a_1943cbfe119_-4398,UTB Adawlato,ADAWLATO,Maritime,Golfe,Golfe 4,Amoutivé,Banque,Banque,Utilisé,En activité,Lun–Mar–Mer–Jeu–Ven–Sam,6,True,False,True,1.224622807087213,6.124833730714366,Golfe 4,Golfe,Concordant
_mview_finance_etablissements_banque.fid-7b1c8a4a_1943cbfe119_-4397,SUNU Assurance Avedji,Avédji,Maritime,Golfe,Golfe 5,Aflao-Gakli,Assurance,Assurance,Utilisé,En activité,Lun–Mar–Mer–Jeu–Ven,5,False,False,True,1.170685791629736,6.199482938241073,Golfe 5,Golfe,Concordant
_mview_finance_etablissements_banque.fid-7b1c8a4a_1943cbfe119_-4396,UTB Agoe Nyive,AGOE CACAVELI,Maritime,Agoè-Nyivé,Agoè-Nyivé 1,Agoè-Nyivé,Banque,Banque,Utilisé,En activité,Lun–Mar–Mer–Jeu–Ven–Sam,6,True,False,True,1.2084511367284805,6.218005401631653,Agoè-Nyivé 1,Agoè-Nyivé,Concordant
_mview_finance_etablissements_banque.fid-7b1c8a4a_1943cbfe119_-4395,UTB Campus,ADEWUI,Maritime,Golfe,Golfe 3,Bè-Ouest,Banque,Banque,Utilisé,En activité,Lun–Mar–Mer–Jeu–Ven–Sam,6,True,False,True,1.2133054519324866,6.1629308680804575,Golfe 3,Golfe,Concordant
_mview_finance_etablissements_banque.fid-7b1c8a4a_1943cbfe119_-4394,UTB Media Plus,DEKON,Maritime,Golfe,Golfe 4,Amoutivé,Banque,Banque,Utilisé,En activité,Lun–Mar–Mer–Jeu–Ven–Sam,6,True,False,True,1.2271566666666673,6.1366266666666665,Golfe 4,Golfe,Concordant
_mview_finance_etablissements_banque.fid-7b1c8a4a_1943cbfe119_-4393,UTB Boulevard Est,Zousanetsime,Maritime,Golfe,Golfe 4,Amoutivé,Banque,Banque,Utilisé,En activité,Lun–Mar–Mer–Jeu–Ven–Sam,6,True,False,True,1.2366959086933227,6.131126605295462,Golfe 4,Golfe,Concordant
_mview_finance_etablissements_banque.fid-7b1c8a4a_1943cbfe119_-4392,CEC Canaan Wognomé,WOGNOME,Maritime,Golfe,Golfe 7,Aflao-Sagbado,Micro-finance,Micro-Finance,Néant,Statut non renseigné ou ambigu,Lun–Mar–Mer–Jeu–Ven–Sam,6,True,False,True,1.1591475220721204,6.184364091725218,Golfe 7,Golfe,Concordant
_mview_finance_etablissements_banque.fid-7b1c8a4a_1943cbfe119_-4391,CEC Canaan Agbalépédogan,AGBALEPEDOGAN,Maritime,Golfe,Golfe 5,Aflao-Gakli,Micro-finance,Micro-Finance,Utilisé,En activité,Lun–Mar–Mer–Jeu–Ven–Sam,6,True,False,True,1.2007805406182097,6.187290776485152,Golfe 5,Golfe,Concordant
_mview_finance_etablissements_banque.fid-7b1c8a4a_1943cbfe119_-4390,MECI Adétikopé,ADETIKOPE,Maritime,Agoè-Nyivé,Agoè-Nyivé 6,Adétikopé,Micro-finance,Micro-Finance,Utilisé,En activité,Lun–Mar–Mer–Jeu–Ven,5,False,False,True,1.2194299999999996,6.320585000000002,Agoè-Nyivé 6,Agoè-Nyivé,Concordant
_mview_finance_etablissements_banque.fid-7b1c8a4a_1943cbfe119_-438f,SUNU Bank Baguida,BAGUIDA,Maritime,Golfe,Golfe 6,Baguida,Banque,Banque,Utilisé,En activité,Lun–Mar–Mer–Jeu–Ven–Sam,6,True,False,True,1.3257749999999995,6.164790000000002,Golfe 6,Golfe,Concordant
_mview_finance_etablissements_banque.fid-7b1c8a4a_1943cbfe119_-438e,BTCI Amadahome,AMADAHOME,Maritime,Golfe,Golfe 5,Aflao-Gakli,Banque,Banque,Utilisé,En activité,Lun–Mar–Mer–Jeu–Ven–Sam,6,True,False,True,1.165753912281195,6.203577734118557,Golfe 5,Golfe,Concordant
_mview_finance_etablissements_banque.fid-7b1c8a4a_1943cbfe119_-438d,COECEPT Baguida,Luxolin,Maritime,Golfe,Golfe 6,Baguida,Micro-finance,Micro-Finance,Utilisé,En activité,Lun–Mar–Mer–Jeu–Ven–Sam,6,True,False,True,1.3145200000000006,6.161278333333338,Golfe 6,Golfe,Concordant
_mview_finance_etablissements_banque.fid-7b1c8a4a_1943cbfe119_-438c,COOPEC la destinee,BE,Maritime,Golfe,Golfe 1,Bè-Est,Micro-finance,Micro-Finance,Utilisé,En activité,Lun–Mar–Mer–Jeu–Ven,5,False,False,True,1.2475947877105835,6.146889860294243,Golfe 1,Golfe,Concordant
_mview_finance_etablissements_banque.fid-7b1c8a4a_1943cbfe119_-438b,SICAB Adewi,ADEWI,Maritime,Golfe,Golfe 3,Bè-Ouest,Micro-finance,Micro-Finance,Utilisé,En activité,Lun–Mar–Mer–Jeu–Ven–Sam,6,True,False,True,1.214881262557466,6.161662807231937,Golfe 3,Golfe,Concordant
_mview_finance_etablissements_banque.fid-7b1c8a4a_1943cbfe119_-438a,Mutuelle ASJD Agbalépédogan,AGBALEPEDOGAN,Maritime,Golfe,Golfe 5,Aflao-Gakli,Mutuelle,Mutuelle,Utilisé,En activité,Lun–Mar–Mer–Jeu–Ven–Sam,6,True,False,True,1.2010668058288432,6.19747982118969,Golfe 5,Golfe,Concordant
_mview_finance_etablissements_banque.fid-7b1c8a4a_1943cbfe119_-4389,FUCEC Togo Togo Totsi,TOTSI,Maritime,Golfe,Golfe 5,Aflao-Gakli,Micro-finance,Micro-Finance,Utilisé,En activité,Lun–Mar–Mer–Jeu–Ven–Sam,6,True,False,True,1.1882061466560967,6.19601654280304,Golfe 5,Golfe,Concordant
_mview_finance_etablissements_banque.fid-7b1c8a4a_1943cbfe119_-4388,Assilassime Solidarité,Adidogomé la pampa,Maritime,Golfe,Golfe 5,Aflao-Gakli,Micro-finance,Micro-Finance,Utilisé,En activité,Lun–Mar–Mer–Jeu–Ven,5,False,False,True,1.1703569145583557,6.181991516618309,Golfe 5,Golfe,Concordant
_mview_finance_etablissements_banque.fid-7b1c8a4a_1943cbfe119_-4387,Microfinance Alida,BE MARCHE,Maritime,Golfe,Golfe 1,Bè-Est,Micro-finance,Micro-Finance,Utilisé,En activité,Lun–Mar–Mer–Jeu–Ven,5,False,False,True,1.2444410674830826,6.142880633563677,Golfe 1,Golfe,Concordant
_mview_finance_etablissements_banque.fid-7b1c8a4a_1943cbfe119_-4386,COCPAV Logoté,LOGOTE,Maritime,Golfe,Golfe 6,Baguida,Micro-finance,Micro-Finance,Utilisé,En activité,Lun–Mar–Mer–Jeu–Ven,5,False,False,True,1.3129283333333341,6.174758333333335,Golfe 6,Golfe,Concordant
_mview_finance_etablissements_banque.fid-7b1c8a4a_1943cbfe119_-4385,Banque Atlantique bè Marché,BE MARCHE,Maritime,Golfe,Golfe 1,Bè-Est,Banque,Banque,Fermé,Déclaré non opérationnel,Lun–Mar–Mer–Jeu–Ven,5,False,False,True,1.2445766666666662,6.1438566666666645,Golfe 1,Golfe,Concordant
_mview_finance_etablissements_banque.fid-7b1c8a4a_1943cbfe119_-4384,FABES Microfinance de Be Kpehenou,N/a,Maritime,Golfe,Golfe 1,Bè-Est,Micro-finance,Micro-Finance,Néant,Statut non renseigné ou ambigu,Lun–Mar–Mer–Jeu–Ven–Sam,6,True,False,True,1.2402966666666664,6.1400183333333365,Golfe 1,Golfe,Concordant
_mview_finance_etablissements_banque.fid-7b1c8a4a_1943cbfe119_-4383,Institution de Microfinance CECL Yokoe,YOKOE,Maritime,Golfe,Golfe 7,Aflao-Sagbado,Micro-finance,Micro-Finance,Utilisé,En activité,Lun–Mar–Mer–Jeu–Ven–Sam,6,True,False,True,1.1587770362263103,6.182103747239964,Golfe 7,Golfe,Concordant
_mview_finance_etablissements_banque.fid-7b1c8a4a_1943cbfe119_-4382,Coopérative ICEC,KEGUE,Maritime,Golfe,Golfe 1,Bè-Est,Micro-finance,Micro-Finance,Utilisé,En activité,Lun–Mar–Mer–Jeu–Ven–Sam,6,True,False,True,1.2397822265344405,6.209457168642274,Golfe 1,Agoè-Nyivé,Préfecture voisine
_mview_finance_etablissements_banque.fid-7b1c8a4a_1943cbfe119_-4381,MECPIP Avépozo,AVEPOZO,Maritime,Golfe,Golfe 6,Baguida,Micro-finance,Micro-Finance,Utilisé,En activité,Lun–Mar–Mer–Jeu–Ven,5,False,False,True,1.3456301994824706,6.169654906536292,Golfe 6,Golfe,Concordant
_mview_finance_etablissements_banque.fid-7b1c8a4a_1943cbfe119_-4380,COOPEC la Fructueuse,Agoe houmbi,Maritime,Agoè-Nyivé,Agoè-Nyivé 1,Agoè-Nyivé,Micro-finance,Micro-Finance,Utilisé,En activité,Lun–Mar–Mer–Jeu–Ven–Sam,6,True,False,True,1.2124866666666676,6.226266666666667,Agoè-Nyivé 1,Agoè-Nyivé,Concordant
_mview_finance_etablissements_banque.fid-7b1c8a4a_1943cbfe119_-437f,BSIC Agoe,ATCHANVÉ,Maritime,Agoè-Nyivé,Agoè-Nyivé 1,Agoè-Nyivé,Banque,Banque,Néant,Statut non renseigné ou ambigu,Lun–Mar–Mer–Jeu–Ven–Sam,6,True,False,True,1.2108376021568685,6.231228399372045,Agoè-Nyivé 1,Agoè-Nyivé,Concordant
_mview_finance_etablissements_banque.fid-7b1c8a4a_1943cbfe119_-437e,Mutuelle CEF-MF,AGBALEPEDOGAN,Maritime,Agoè-Nyivé,Agoè-Nyivé 1,Agoè-Nyivé,Micro-finance,Micro-Finance,Utilisé,En activité,Lun–Mar–Mer–Jeu–Ven–Sam,6,True,False,True,1.2025874579982947,6.199907615734126,Agoè-Nyivé 1,Golfe,Préfecture voisine
_mview_finance_etablissements_banque.fid-7b1c8a4a_1943cbfe119_-437d,Sanlam Lomégan,LOMEGAN,Maritime,Golfe,Golfe 5,Aflao-Gakli,Assurance,Assurance,Utilisé,En activité,Lun–Mar–Mer–Jeu–Ven,5,False,False,True,1.199619301472088,6.182556180780277,Golfe 5,Golfe,Concordant
_mview_finance_etablissements_banque.fid-7b1c8a4a_1943cbfe119_-437c,Sanlam Totsi,TOTSI,Maritime,Golfe,Golfe 5,Aflao-Gakli,Assurance,Assurance,Utilisé,En activité,Lun–Mar–Mer–Jeu–Ven–Sam,6,True,False,True,1.1917883333333334,6.191060000000004,Golfe 5,Golfe,Concordant
_mview_finance_etablissements_banque.fid-7b1c8a4a_1943cbfe119_-437b,Sanlam Agbalepedogan,AGBALEPEDOGAN,Maritime,Agoè-Nyivé,Agoè-Nyivé 1,Agoè-Nyivé,Assurance,Assurance,Utilisé,En activité,Lun–Mar–Mer–Jeu–Ven,5,False,False,True,1.1974511075200136,6.200137116775405,Agoè-Nyivé 1,Agoè-Nyivé,Concordant
_mview_finance_etablissements_banque.fid-7b1c8a4a_1943cbfe119_-437a,Microfinance MECPIP de Agbalepedogan,AGBALEPEDOGAN,Maritime,Golfe,Golfe 5,Aflao-Gakli,Micro-finance,Micro-Finance,Utilisé,En activité,Lun–Mar–Mer–Jeu–Ven,5,False,False,True,1.2000078493982804,6.198062968375543,Golfe 5,Golfe,Concordant
_mview_finance_etablissements_banque.fid-7b1c8a4a_1943cbfe119_-4379,ECOBANK Totsi,TOTSI,Maritime,Golfe,Golfe 5,Aflao-Gakli,Banque,Banque,Utilisé,En activité,Lun–Mar–Mer–Jeu–Ven–Sam,6,True,False,True,1.1904766666666653,6.192615000000001,Golfe 5,Golfe,Concordant
_mview_finance_etablissements_banque.fid-7b1c8a4a_1943cbfe119_-4378,BTCI Agbalépédogan,AGBALEPEDOGAN,Maritime,Golfe,Golfe 3,Bè-Ouest,Banque,Banque,Utilisé,En activité,Lun–Mar–Mer–Jeu–Ven–Sam,6,True,False,True,1.2083282961381128,6.189404177138022,Golfe 3,Golfe,Concordant
_mview_finance_etablissements_banque.fid-7b1c8a4a_1943cbfe119_-4377,ORABANK Agbalépédo,AGBALEPEDOGAN,Maritime,Golfe,Golfe 3,Bè-Ouest,Banque,Banque,Utilisé,En activité,Lun–Mar–Mer–Jeu–Ven–Sam,6,True,False,True,1.2084100036017402,6.191995925975263,Golfe 3,Golfe,Concordant
_mview_finance_etablissements_banque.fid-7b1c8a4a_1943cbfe119_-4376,COFEC Microfinance,AVEDJI,Maritime,Golfe,Golfe 5,Aflao-Gakli,Micro-finance,Micro-Finance,Utilisé,En activité,Lun–Mar–Mer–Jeu–Ven,5,False,False,True,1.1757873536598353,6.18820901685639,Golfe 5,Golfe,Concordant
_mview_finance_etablissements_banque.fid-7b1c8a4a_1943cbfe119_-4375,Mutuelle ASJD Avédji,AVEDJI,Maritime,Golfe,Golfe 5,Aflao-Gakli,Mutuelle,Mutuelle,Utilisé,En activité,Lun–Mar–Mer–Jeu–Ven–Sam,6,True,False,True,1.1727522871420653,6.202515205071812,Golfe 5,Golfe,Concordant
_mview_finance_etablissements_banque.fid-7b1c8a4a_1943cbfe119_-4374,WAGES Adidogome,Adidogomé,Maritime,Golfe,Golfe 5,Aflao-Gakli,Micro-finance,Micro-Finance,Utilisé,En activité,Lun–Mar–Mer–Jeu–Ven–Sam,6,True,False,True,1.1699902659280905,6.182166390744935,Golfe 5,Golfe,Concordant
_mview_finance_etablissements_banque.fid-7b1c8a4a_1943cbfe119_-4373,COOPEC Echoppe,AMOUTIEVE TRESOR,Maritime,Golfe,Golfe 3,Bè-Ouest,Micro-finance,Micro-Finace,Utilisé,En activité,Lun–Mar–Mer–Jeu–Ven–Sam,6,True,False,True,1.217433513965792,6.152477349688095,Golfe 3,Golfe,Concordant
_mview_finance_etablissements_banque.fid-7b1c8a4a_1943cbfe119_-4372,FINAM Agence Madiba,Madiba,Maritime,Golfe,Golfe 5,Aflao-Gakli,Micro-finance,Micro-Finance,Utilisé,En activité,Lun–Mar–Mer–Jeu–Ven–Sam,6,True,False,True,1.1483424531289625,6.200279609307422,Golfe 5,Golfe,Concordant
_mview_finance_etablissements_banque.fid-7b1c8a4a_1943cbfe119_-4371,COOPEC Ave Agence Adidogome,Adidogomé,Maritime,Golfe,Golfe 5,Aflao-Gakli,Micro-finance,Micro-Finance,Utilisé,En activité,Lun–Mar–Mer–Jeu–Ven–Sam,6,True,False,True,1.16004889047566,6.190529656270431,Golfe 5,Golfe,Concordant
_mview_finance_etablissements_banque.fid-7b1c8a4a_1943cbfe119_-4370,BSIC Adidogome,Adidogomé,Maritime,Golfe,Golfe 5,Aflao-Gakli,Banque,Banque,Utilisé,En activité,Lun–Mar–Mer–Jeu–Ven–Sam,6,True,False,True,1.166512507173074,6.1853858584218075,Golfe 5,Golfe,Concordant
_mview_finance_etablissements_banque.fid-7b1c8a4a_1943cbfe119_-436f,COOPEC Solidarite,Adidogomé,Maritime,Golfe,Golfe 5,Aflao-Gakli,Micro-finance,Micro-Finance,Utilisé,En activité,Lun–Mar–Mer–Jeu–Sam,5,True,False,True,1.1691624091622577,6.183092876351627,Golfe 5,Golfe,Concordant
_mview_finance_etablissements_banque.fid-7b1c8a4a_1943cbfe119_-436e,BTCI Adidogome,ADIDOGOME,Maritime,Golfe,Golfe 5,Aflao-Gakli,Banque,Banque,Utilisé,En activité,Lun–Mar–Mer–Jeu–Ven–Sam,6,True,False,True,1.1708190706131802,6.18165400741941,Golfe 5,Golfe,Concordant
_mview_finance_etablissements_banque.fid-7b1c8a4a_1943cbfe119_-436d,Microfinance Adidogome,ADIDOGOME,Maritime,Golfe,Golfe 5,Aflao-Gakli,Micro-finance,Micro-Finance,Utilisé,En activité,Lun–Mar–Mer–Jeu–Ven–Sam,6,True,False,True,1.170916666666666,6.181045000000002,Golfe 5,Golfe,Concordant
_mview_finance_etablissements_banque.fid-7b1c8a4a_1943cbfe119_-436c,Banque Atlantique Adidogome,Adidogomé,Maritime,Golfe,Golfe 5,Aflao-Gakli,Banque,Banque,Utilisé,En activité,Lun–Mar–Mer–Jeu–Ven–Sam,6,True,False,True,1.181332273937717,6.1758502449501975,Golfe 5,Golfe,Concordant
_mview_finance_etablissements_banque.fid-7b1c8a4a_1943cbfe119_-436b,ORABANK Adidogome,Adidogomé,Maritime,Golfe,Golfe 5,Aflao-Gakli,Banque,Banque,Utilisé,En activité,Lun–Mar–Mer–Jeu–Ven–Sam,6,True,False,True,1.1816239942441167,6.175696361831756,Golfe 5,Golfe,Concordant
_mview_finance_etablissements_banque.fid-7b1c8a4a_1943cbfe119_-436a,COOPEC Grâce plus Aménopé,ADIDOGOME AMENOPE,Maritime,Golfe,Golfe 5,Aflao-Gakli,Micro-finance,Micro-Finance,Utilisé,En activité,Lun–Mar–Mer–Jeu–Ven–Sam,6,True,False,True,1.1522450000000006,6.197245,Golfe 5,Golfe,Concordant
_mview_finance_etablissements_banque.fid-7b1c8a4a_1943cbfe119_-4369,Ardi-mec Togo Adidogome Assiyeye,ADIDOGOME ASSIYEYE,Maritime,Golfe,Golfe 7,Aflao-Sagbado,Micro-finance,Micro-Finance,Utilisé,En activité,Lun–Mar–Mer–Jeu–Ven–Sam,6,True,False,True,1.150026666666667,6.198334999999999,Golfe 7,Golfe,Concordant
_mview_finance_etablissements_banque.fid-7b1c8a4a_1943cbfe119_-4368,Sanlam Bé,BE,Maritime,Golfe,Golfe 1,Bè-Est,Assurance,Assurance,Utilisé,En activité,Lun–Mar–Mer–Jeu–Ven–Sam,6,True,False,True,1.238246730006049,6.13903127691597,Golfe 1,Golfe,Concordant
_mview_finance_etablissements_banque.fid-7b1c8a4a_1943cbfe119_-4367,Echoppe Togo,DZIFA KPOTA,Maritime,Golfe,Golfe 1,Bè-Est,Micro-finance,Micro-Finance,Utilisé,En activité,Lun–Mar–Mer–Jeu–Ven,5,False,False,True,1.2743646772516546,6.167264773667549,Golfe 1,Golfe,Concordant
_mview_finance_etablissements_banque.fid-7b1c8a4a_1943cbfe119_-4366,BTCI ADidogome Assiyeye,ADIDOGOME ASSIYEYE,Maritime,Golfe,Golfe 5,Aflao-Gakli,Banque,Banque,Utilisé,En activité,Lun–Mar–Mer–Jeu–Ven–Sam,6,True,False,True,1.1475416666666667,6.201183333333333,Golfe 5,Golfe,Concordant
_mview_finance_etablissements_banque.fid-7b1c8a4a_1943cbfe119_-4365,Microfinance FINAM Adidogome Madiba,ADIDOGOME MADIBA,Maritime,Golfe,Golfe 5,Aflao-Gakli,Micro-finance,Micro-Finance,Utilisé,En activité,Lun–Mar–Mer–Jeu–Ven–Sam,6,True,False,True,1.1483633333333327,6.200508333333335,Golfe 5,Golfe,Concordant
_mview_finance_etablissements_banque.fid-7b1c8a4a_1943cbfe119_-4364,Microfinance MECPIPI,WOGNOME,Maritime,Golfe,Golfe 7,Aflao-Sagbado,Micro-finance,Micro-Finance,Utilisé,En activité,Lun–Mar–Mer–Jeu–Ven,5,False,False,True,1.1514066666666665,6.190565000000001,Golfe 7,Golfe,Concordant
_mview_finance_etablissements_banque.fid-7b1c8a4a_1943cbfe119_-4363,COOPEC AD Agence Ramco,Tokoin Ramco,Maritime,Golfe,Golfe 3,Bè-Ouest,Micro-finance,Micro-Finance,Utilisé,En activité,Lun–Mar–Mer–Jeu–Ven–Sam,6,True,False,True,1.2187791904877339,6.150681666599552,Golfe 3,Golfe,Concordant
_mview_finance_etablissements_banque.fid-7b1c8a4a_1943cbfe119_-4362,ECOBANK Adidogome Amadahome,ADIDOGOME AMADAHOME,Maritime,Golfe,Golfe 5,Aflao-Gakli,Banque,Banque,Utilisé,En activité,Lun–Mar–Mer–Jeu–Ven–Sam,6,True,False,True,1.1526131757897875,6.196868748346697,Golfe 5,Golfe,Concordant
_mview_finance_etablissements_banque.fid-7b1c8a4a_1943cbfe119_-4361,ORABANK Agence Avedji,Avédji Limousine,Maritime,Golfe,Golfe 5,Aflao-Gakli,Banque,Banque,Utilisé,En activité,Lun–Mar–Mer–Jeu–Ven–Sam,6,True,False,True,1.1811524606063122,6.202041714037279,Golfe 5,Golfe,Concordant
_mview_finance_etablissements_banque.fid-7b1c8a4a_1943cbfe119_-4360,BSIC Adidogome Assiyeye,Adidogomé Assiyéyé,Maritime,Golfe,Golfe 5,Aflao-Gakli,Banque,Banque,Utilisé,En activité,Lun–Mar–Mer–Jeu–Ven–Sam,6,True,False,True,1.1484432876078905,6.201284174144931,Golfe 5,Golfe,Concordant
_mview_finance_etablissements_banque.fid-7b1c8a4a_1943cbfe119_-435f,SUNU Bank Agence Adidogome,Adidogomé,Maritime,Golfe,Golfe 5,Aflao-Gakli,Banque,Banque,Utilisé,En activité,Lun–Mar–Mer–Jeu–Ven–Sam,6,True,False,True,1.1659948005766052,6.185368726602131,Golfe 5,Golfe,Concordant
_mview_finance_etablissements_banque.fid-7b1c8a4a_1943cbfe119_-435e,NSIA Assurance Adidogome,Adidogomé,Maritime,Golfe,Golfe 5,Aflao-Gakli,Assurance,Assurance,Utilisé,En activité,Lun–Mar–Mer–Jeu–Ven,5,False,False,True,1.1728683150072279,6.179892249088729,Golfe 5,Golfe,Concordant
_mview_finance_etablissements_banque.fid-7b1c8a4a_1943cbfe119_-435d,GTA Assurance Adidogomé,Adidogomé,Maritime,Golfe,Golfe 5,Aflao-Gakli,Assurance,Assurance,Utilisé,En activité,Lun–Mar–Mer–Jeu–Ven,5,False,False,True,1.176792570206645,6.178137602756356,Golfe 5,Golfe,Concordant
_mview_finance_etablissements_banque.fid-7b1c8a4a_1943cbfe119_-435c,FINAM Agence Principale,Adidogomé,Maritime,Golfe,Golfe 5,Aflao-Gakli,Micro-finance,Micro-Finance,Utilisé,En activité,Lun–Mar–Mer–Jeu–Ven–Sam,6,True,False,True,1.1811310347589883,6.175399463908128,Golfe 5,Golfe,Concordant
_mview_finance_etablissements_banque.fid-7b1c8a4a_1943cbfe119_-435b,Sanlam Adidogome,Adidogomé,Maritime,Golfe,Golfe 5,Aflao-Gakli,Assurance,Assurance,Utilisé,En activité,Lun–Mar–Mer–Jeu–Ven,5,False,False,True,1.181027842881429,6.175784775799637,Golfe 5,Golfe,Concordant
_mview_finance_etablissements_banque.fid-7b1c8a4a_1943cbfe119_-435a,BIA Togo Adidogome,Adidogomé,Maritime,Golfe,Golfe 5,Aflao-Gakli,Banque,Banque,Utilisé,En activité,Lun–Mar–Mer–Jeu–Ven–Sam,6,True,False,True,1.181610098445674,6.175221581533679,Golfe 5,Golfe,Concordant
_mview_finance_etablissements_banque.fid-7b1c8a4a_1943cbfe119_-4359,Mutuelle Nevaeme,Adinamoto,Maritime,Golfe,Golfe 5,Aflao-Gakli,Micro-finance,Micro-Finance,Utilisé,En activité,Lun–Mar–Mer–Jeu–Ven,5,False,False,True,1.1958422254864733,6.170243228328728,Golfe 5,Golfe,Concordant
_mview_finance_etablissements_banque.fid-7b1c8a4a_1943cbfe119_-4358,BSIC Klikame,Klikamé,Maritime,Golfe,Golfe 3,Bè-Ouest,Banque,Banque,Utilisé,En activité,Lun–Mar–Mer–Jeu–Ven–Sam,6,True,False,True,1.2053861993756263,6.179581433077906,Golfe 3,Golfe,Concordant
_mview_finance_etablissements_banque.fid-7b1c8a4a_1943cbfe119_-4357,Mutuelle la Dignite,ZONGO,Maritime,Agoè-Nyivé,Agoè-Nyivé 4,Togblekope,Micro-finance,Micro-Finance,Utilisé,En activité,Lun–Mar–Mer–Jeu–Ven–Sam,6,True,False,True,1.2035333333333331,6.256128333333337,Agoè-Nyivé 4,Agoè-Nyivé,Concordant
_mview_finance_etablissements_banque.fid-7b1c8a4a_1943cbfe119_-4356,COOPAD Agoe Zongo,AGOE ZONGO,Maritime,Agoè-Nyivé,Agoè-Nyivé 1,Agoè-Nyivé,Micro-finance,Micro-Finance,Utilisé,En activité,Lun–Mar–Mer–Jeu–Ven,5,False,False,True,1.2085516666666665,6.251594999999999,Agoè-Nyivé 1,Agoè-Nyivé,Concordant
_mview_finance_etablissements_banque.fid-7b1c8a4a_1943cbfe119_-4355,COOPEC Maturite,BE,Maritime,Golfe,Golfe 1,Bè-Est,Micro-finance,Micro-Finance,Utilisé,En activité,Lun–Mar–Mer–Jeu–Ven–Sam,6,True,False,True,1.24267312674284,6.142242588829827,Golfe 1,Golfe,Concordant
_mview_finance_etablissements_banque.fid-7b1c8a4a_1943cbfe119_-4354,CORIS Bank Attikoumé,Attikoumé,Maritime,Golfe,Golfe 4,Amoutivé,Banque,Banque,Néant,Statut non renseigné ou ambigu,Lun–Mar–Mer–Jeu–Ven,5,False,False,True,1.2025330078353182,6.165553825072307,Golfe 4,Golfe,Concordant
_mview_finance_etablissements_banque.fid-7b1c8a4a_1943cbfe119_-4353,IB Bank Haoussa-Zongo,HAOUSSA-ZONGO,Maritime,Agoè-Nyivé,Agoè-Nyivé 4,Togblekope,Banque,Banque,Utilisé,En activité,Lun–Mar–Mer–Jeu–Ven–Sam,6,True,False,True,1.2077716666666671,6.260926666666666,Agoè-Nyivé 4,Agoè-Nyivé,Concordant
_mview_finance_etablissements_banque.fid-7b1c8a4a_1943cbfe119_-4352,La Pyramide Sarl,ATSANVE,Maritime,Agoè-Nyivé,Agoè-Nyivé 1,Agoè-Nyivé,Micro-finance,Micro-Finance,Utilisé,En activité,Lun–Mar–Mer–Jeu–Ven–Sam,6,True,False,True,1.2264462067175177,6.221909743450495,Agoè-Nyivé 1,Agoè-Nyivé,Concordant
_mview_finance_etablissements_banque.fid-7b1c8a4a_1943cbfe119_-4351,Microfinance WAGES,ATSANVE,Maritime,Agoè-Nyivé,Agoè-Nyivé 1,Agoè-Nyivé,Micro-finance,Micro-Finance,Utilisé,En activité,Lun–Mar–Mer–Jeu–Ven–Sam,6,True,False,True,1.2114069545005897,6.228957095770304,Agoè-Nyivé 1,Agoè-Nyivé,Concordant
_mview_finance_etablissements_banque.fid-7b1c8a4a_1943cbfe119_-4350,SUNU Bank Agence Agoe,AGOE COMMISSARIAT,Maritime,Agoè-Nyivé,Agoè-Nyivé 1,Agoè-Nyivé,Banque,Banque,Utilisé,En activité,Lun–Mar–Mer–Jeu–Ven–Sam,6,True,False,True,1.2108834537529962,6.231028294606337,Agoè-Nyivé 1,Agoè-Nyivé,Concordant
_mview_finance_etablissements_banque.fid-7b1c8a4a_1943cbfe119_-434f,BSIC Nyekonakpoè,Nyekonakpoè,Maritime,Golfe,Golfe 4,Amoutivé,Banque,Banque,Néant,Statut non renseigné ou ambigu,Lun–Mar–Mer–Jeu–Ven–Sam,6,True,False,True,1.2093230045469638,6.126545552408166,Golfe 4,Golfe,Concordant
_mview_finance_etablissements_banque.fid-7b1c8a4a_1943cbfe119_-434e,SPT Zongo,HAOUSSA ZONGO,Maritime,Agoè-Nyivé,Agoè-Nyivé 4,Togblekope,Banque,Banque,Utilisé,En activité,Lun–Mar–Mer–Jeu–Ven–Sam,6,True,False,True,1.2093899999999995,6.253803333333334,Agoè-Nyivé 4,Agoè-Nyivé,Concordant
_mview_finance_etablissements_banque.fid-7b1c8a4a_1943cbfe119_-434d,COOPEC DECA,AGOE ZONGO,Maritime,Agoè-Nyivé,Agoè-Nyivé 1,Agoè-Nyivé,Micro-finance,Micro-Finance,Utilisé,En activité,Lun–Mar–Mer–Jeu–Ven,5,False,False,True,1.1980583333333326,6.250081666666668,Agoè-Nyivé 1,Agoè-Nyivé,Concordant
_mview_finance_etablissements_banque.fid-7b1c8a4a_1943cbfe119_-434c,IFRJRJRJ,N/a,Maritime,Agoè-Nyivé,Agoè-Nyivé 1,Agoè-Nyivé,Micro-finance,Micro-Finance,Néant,Statut non renseigné ou ambigu,Lun–Mar–Mer–Jeu–Ven–Sam,6,True,False,True,1.2126316666666663,6.230813333333335,Agoè-Nyivé 1,Agoè-Nyivé,Concordant
_mview_finance_etablissements_banque.fid-7b1c8a4a_1943cbfe119_-434b,Microfinance MECI Agoe demakpoe,AGOE DEMAKPOE,Maritime,Agoè-Nyivé,Agoè-Nyivé 1,Agoè-Nyivé,Micro-finance,Micro-Finance,Utilisé,En activité,Lun–Mar–Mer–Jeu–Ven–Sam,6,True,False,True,1.2037772307917702,6.239011788598628,Agoè-Nyivé 1,Agoè-Nyivé,Concordant
_mview_finance_etablissements_banque.fid-7b1c8a4a_1943cbfe119_-434a,COOPEC AD Agoe Assiyeye,AGOE ASSIYEYE,Maritime,Agoè-Nyivé,Agoè-Nyivé 1,Agoè-Nyivé,Micro-finance,Micro-Finance,Utilisé,En activité,Lun–Mar–Mer–Jeu–Ven–Sam,6,True,False,True,1.1956533333333323,6.2311266666666665,Agoè-Nyivé 1,Agoè-Nyivé,Concordant
_mview_finance_etablissements_banque.fid-7b1c8a4a_1943cbfe119_-4349,Microfinance CECA ADidogome,ADIDOGOME,Maritime,Golfe,Golfe 5,Aflao-Gakli,Micro-finance,Micro-Finance,Utilisé,En activité,Lun–Mar–Mer–Jeu–Ven–Sam,6,True,False,True,1.1534599999999993,6.195856666666667,Golfe 5,Golfe,Concordant
_mview_finance_etablissements_banque.fid-7b1c8a4a_1943cbfe119_-4348,WAGES Avoeme,AVOEME,Maritime,Golfe,Golfe 7,Aflao-Sagbado,Micro-finance,Micro-Finance,Utilisé,En activité,Lun–Mar–Mer–Jeu–Ven–Sam,6,True,False,True,1.1362234349880922,6.193568189338821,Golfe 7,Golfe,Concordant
_mview_finance_etablissements_banque.fid-7b1c8a4a_1943cbfe119_-4347,Sanlam Segbe,SEGBE,Maritime,Golfe,Golfe 7,Aflao-Sagbado,Assurance,Assurance,Utilisé,En activité,Lun–Mar–Mer–Jeu–Ven–Sam,6,True,False,True,1.1223945384423228,6.193408575739667,Golfe 7,Golfe,Concordant
_mview_finance_etablissements_banque.fid-7b1c8a4a_1943cbfe119_-4346,Microfinance COECEB Agoè Gbonvé,Agoé gbonvé,Maritime,Agoè-Nyivé,Agoè-Nyivé 1,Agoè-Nyivé,Micro-finance,Micro-Finance,Utilisé,En activité,Lun–Mar–Mer–Jeu–Ven–Sam,6,True,False,True,1.184011666666667,6.217353333333333,Agoè-Nyivé 1,Agoè-Nyivé,Concordant
_mview_finance_etablissements_banque.fid-7b1c8a4a_1943cbfe119_-4345,Millenium Microfinance Atchanve,ATCHANVE,Maritime,Agoè-Nyivé,Agoè-Nyivé 1,Agoè-Nyivé,Micro-finance,Micro-Finance,Utilisé,En activité,Lun–Mar–Mer–Jeu–Ven–Sam,6,True,False,True,1.2104149999999994,6.2306983333333354,Agoè-Nyivé 1,Agoè-Nyivé,Concordant
_mview_finance_etablissements_banque.fid-7b1c8a4a_1943cbfe119_-4344,SPT Nyekonakpoe,NYEKONAKPOE,Maritime,Golfe,Golfe 4,Amoutivé,Banque,Banque,Utilisé,En activité,Lun–Mar–Mer–Jeu–Ven–Sam,6,True,False,True,1.2090533333333338,6.127418333333331,Golfe 4,Golfe,Concordant
_mview_finance_etablissements_banque.fid-7b1c8a4a_1943cbfe119_-4343,Club Entraide Sans Frontière Microfinance,ZONGO,Maritime,Agoè-Nyivé,Agoè-Nyivé 4,Togblekope,Micro-finance,Micro-Finance,Utilisé,En activité,Lun–Mar–Mer–Jeu–Ven–Sam,6,True,False,True,1.2080933333333337,6.257508333333334,Agoè-Nyivé 4,Agoè-Nyivé,Concordant
_mview_finance_etablissements_banque.fid-7b1c8a4a_1943cbfe119_-4342,COOPEC AD Atchanve,ATCHANVE,Maritime,Agoè-Nyivé,Agoè-Nyivé 1,Agoè-Nyivé,Micro-finance,Micro-Finance,Utilisé,En activité,Lun–Mar–Mer–Jeu–Ven–Sam,6,True,False,True,1.215873333333333,6.22516,Agoè-Nyivé 1,Agoè-Nyivé,Concordant
_mview_finance_etablissements_banque.fid-7b1c8a4a_1943cbfe119_-4341,Banque Atlantique Agoè plantation,AGOE PLANTATION,Maritime,Agoè-Nyivé,Agoè-Nyivé 1,Agoè-Nyivé,Banque,Banque,Utilisé,En activité,Lun–Mar–Mer–Jeu–Ven–Sam,6,True,False,True,1.210315,6.2341416666666705,Agoè-Nyivé 1,Agoè-Nyivé,Concordant
_mview_finance_etablissements_banque.fid-7b1c8a4a_1943cbfe119_-4340,Banque Atlantique Ahadji-Kpota,AHADJI-KPOTA,Maritime,Golfe,Golfe 1,Bè-Est,Banque,Banque,Utilisé,En activité,Lun–Mar–Mer–Jeu–Ven–Sam,6,True,False,True,1.284411532906097,6.158952552228888,Golfe 1,Golfe,Concordant
_mview_finance_etablissements_banque.fid-7b1c8a4a_1943cbfe119_-433f,Banque SAB,AHADJI-KPOTA,Maritime,Golfe,Golfe 1,Bè-Est,Banque,Banque,Utilisé,En activité,Lun–Mar–Mer–Jeu–Ven–Sam,6,True,False,True,1.283915322411816,6.158843175762937,Golfe 1,Golfe,Concordant
_mview_finance_etablissements_banque.fid-7b1c8a4a_1943cbfe119_-433e,FINAM de Be Kpota,BE KPOTA,Maritime,Golfe,Golfe 1,Bè-Est,Micro-finance,Micro-Finance,Utilisé,En activité,Lun–Mar–Mer–Jeu–Ven,5,False,False,True,1.2647203559983111,6.161233471849637,Golfe 1,Golfe,Concordant
_mview_finance_etablissements_banque.fid-7b1c8a4a_1943cbfe119_-433d,BCEAO Nyékonakpoè,Nyékonakpoè,Maritime,Golfe,Golfe 4,Amoutivé,Banque,Banque,Néant,Statut non renseigné ou ambigu,Lun–Mar–Mer–Jeu–Ven,5,False,False,True,1.2123360258696294,6.127253059898546,Golfe 4,Golfe,Concordant
_mview_finance_etablissements_banque.fid-7b1c8a4a_1943cbfe119_-433c,Microfinance Millenium Akodessewa,AKODESSEWA,Maritime,Golfe,Golfe 1,Bè-Est,Micro-finance,Micro-Finance,Utilisé,En activité,Lun–Mar–Mer–Jeu–Ven–Sam,6,True,False,True,1.2520761090457726,6.149492518364627,Golfe 1,Golfe,Concordant
_mview_finance_etablissements_banque.fid-7b1c8a4a_1943cbfe119_-433b,COOPEC Solidarite Bè-Est,AGODESEWA,Maritime,Golfe,Golfe 1,Bè-Est,Micro-finance,Micro-Finance,Utilisé,En activité,Lun–Mar–Mer–Jeu–Ven–Sam,6,True,False,True,1.2602327242222342,6.151410343314092,Golfe 1,Golfe,Concordant
_mview_finance_etablissements_banque.fid-7b1c8a4a_1943cbfe119_-433a,COOPEC Ave Bèkpota,BEKPOTA,Maritime,Golfe,Golfe 1,Bè-Est,Micro-finance,Micro-Finance,Utilisé,En activité,Lun–Mar–Mer–Jeu–Ven–Sam,6,True,False,True,1.2664766666666665,6.162791666666666,Golfe 1,Golfe,Concordant
_mview_finance_etablissements_banque.fid-7b1c8a4a_1943cbfe119_-4339,COCEC Anfame,ANFAME,Maritime,Golfe,Golfe 1,Bè-Est,Micro-finance,Micro-Finance,Utilisé,En activité,Lun–Mar–Mer–Jeu–Ven,5,False,False,True,1.27659,6.165016666666668,Golfe 1,Golfe,Concordant
_mview_finance_etablissements_banque.fid-7b1c8a4a_1943cbfe119_-4338,COOPEC Solidarite Baguida,Nsp,Maritime,Golfe,Golfe 6,Baguida,Micro-finance,Micro-Finance,Utilisé,En activité,Lun–Mar–Mer–Jeu–Ven–Sam,6,True,False,True,1.30127394781389,6.168981693684939,Golfe 6,Golfe,Concordant
_mview_finance_etablissements_banque.fid-7b1c8a4a_1943cbfe119_-4337,COCEC Atiegougan,ATIEGOUGAN,Maritime,Golfe,Golfe 2,Bè-Centre,Micro-finance,Micro-Finance,Utilisé,En activité,Lun–Mar–Mer–Jeu–Ven,5,False,False,True,1.2585695750803578,6.193655274980941,Golfe 2,Golfe,Concordant
_mview_finance_etablissements_banque.fid-7b1c8a4a_1943cbfe119_-4336,SPT Adakpame,ADAKPAME,Maritime,Golfe,Golfe 1,Bè-Est,Banque,Banque,Utilisé,En activité,Lun–Mar–Mer–Jeu–Ven–Sam,6,True,False,True,1.2894333333333332,6.170184999999998,Golfe 1,Golfe,Concordant
_mview_finance_etablissements_banque.fid-7b1c8a4a_1943cbfe119_-4335,UTB Tokoin Tresor,TOKOIN trésor,Maritime,Golfe,Golfe 3,Bè-Ouest,Banque,Banque,Utilisé,En activité,Lun–Mar–Mer–Jeu–Ven–Sam,6,True,False,True,1.2172633333333331,6.153320000000002,Golfe 3,Golfe,Concordant
_mview_finance_etablissements_banque.fid-7b1c8a4a_1943cbfe119_-4334,Banque Atlantique de Lomé Port,LOME PORT,Maritime,Golfe,Golfe 1,Bè-Est,Banque,Banque,Utilisé,En activité,Lun–Mar–Mer–Jeu–Ven–Sam,6,True,False,True,1.275309893948456,6.143484596492329,Golfe 1,Golfe,Concordant
_mview_finance_etablissements_banque.fid-7b1c8a4a_1943cbfe119_-4333,UTB Adewui,Adewui,Maritime,Golfe,Golfe 3,Bè-Ouest,Banque,Banque,Utilisé,En activité,Lun–Mar–Mer–Jeu–Ven–Sam,6,True,False,True,1.2151359741409398,6.161748001191442,Golfe 3,Golfe,Concordant
_mview_finance_etablissements_banque.fid-7b1c8a4a_1943cbfe119_-4332,Micro_finance ICEC,GBOVIE,Maritime,Golfe,Golfe 3,Bè-Ouest,Micro-finance,Micro-Finance,Utilisé,En activité,Lun–Mar–Mer–Jeu–Ven–Sam,6,True,False,True,1.220592547128789,6.152418507787813,Golfe 3,Golfe,Concordant
_mview_finance_etablissements_banque.fid-7b1c8a4a_1943cbfe119_-4331,SPT Hahotoe,HAHOTOE,Maritime,Vo,Vo 4,Hahotoé,Banque,Banque,Utilisé,En activité,Lun–Mar–Mer–Jeu–Ven–Sam,6,True,False,True,1.4089583333333326,6.361458333333332,Vo 4,Vo,Concordant
_mview_finance_etablissements_banque.fid-7b1c8a4a_1943cbfe119_-4330,COOPEC TRASSTO,Tokoin soted,Maritime,Golfe,Golfe 3,Bè-Ouest,Micro-finance,Micro-Finance,Utilisé,En activité,Lun–Mar–Mer–Jeu–Ven–Sam,6,True,False,True,1.2247502721925536,6.149371513360616,Golfe 3,Golfe,Concordant
_mview_finance_etablissements_banque.fid-7b1c8a4a_1943cbfe119_-432f,Banque Atlantique Tokoin SOTED,TOKOIN SOTED,Maritime,Golfe,Golfe 3,Bè-Ouest,Banque,Banque,Utilisé,En activité,Lun–Mar–Mer–Jeu–Ven–Sam,6,True,False,True,1.2212965339820714,6.152278277956703,Golfe 3,Golfe,Concordant
_mview_finance_etablissements_banque.fid-7b1c8a4a_1943cbfe119_-432e,ORABANK Tokoin,TOKOIN SOTED,Maritime,Golfe,Golfe 3,Bè-Ouest,Banque,Banque,Utilisé,En activité,Lun–Mar–Mer–Jeu–Ven–Sam,6,True,False,True,1.2191920000000003,6.1485001,Golfe 3,Golfe,Concordant
_mview_finance_etablissements_banque.fid-7b1c8a4a_1943cbfe119_-432d,Microfinance la Rosee de Dieu,ADIDOME,Maritime,Golfe,Golfe 1,Bè-Est,Micro-finance,Micro-Finance,Utilisé,En activité,Lun–Mer–Jeu–Ven,4,False,False,True,1.2709849999999996,6.1719833333333325,Golfe 1,Golfe,Concordant
_mview_finance_etablissements_banque.fid-7b1c8a4a_1943cbfe119_-432c,MECIT BE-KPOTA,Be kpota,Maritime,Golfe,Golfe 1,Bè-Est,Banque,Banque,Néant,Statut non renseigné ou ambigu,Lun–Mar–Mer–Jeu–Ven–Sam,6,True,False,True,1.263561666666666,6.158953333333335,Golfe 1,Golfe,Concordant
_mview_finance_etablissements_banque.fid-7b1c8a4a_1943cbfe119_-432b,WAGES Akodessewa,AKODESSEWA,Maritime,Golfe,Golfe 1,Bè-Est,Micro-finance,Micro-Finance,Utilisé,En activité,Lun–Mar–Jeu–Ven,4,False,False,True,1.266705,6.153173333333331,Golfe 1,Golfe,Concordant
_mview_finance_etablissements_banque.fid-7b1c8a4a_1943cbfe119_-432a,Mutuelle Nevaeme,N/a,Maritime,Golfe,Golfe 1,Bè-Est,Micro-finance,Micro-Finance,Utilisé,En activité,Lun–Mar–Mer–Jeu–Ven,5,False,False,True,1.2546416666666667,6.15032,Golfe 1,Golfe,Concordant
_mview_finance_etablissements_banque.fid-7b1c8a4a_1943cbfe119_-4329,CORIS Bank International,TOKOIN,Maritime,Golfe,Golfe 3,Bè-Ouest,Banque,Banque,Utilisé,En activité,Lun–Mar–Mer–Jeu–Ven–Sam,6,True,False,True,1.2227248052125625,6.164337860272213,Golfe 3,Golfe,Concordant
_mview_finance_etablissements_banque.fid-7b1c8a4a_1943cbfe119_-4328,ECOBANK d'Akodessewa,AKODESSEWA,Maritime,Golfe,Golfe 1,Bè-Est,Banque,Banque,Utilisé,En activité,Lun–Mar–Mer–Jeu–Ven–Sam,6,True,False,True,1.2657853626122715,6.15309018801826,Golfe 1,Golfe,Concordant
_mview_finance_etablissements_banque.fid-7b1c8a4a_1943cbfe119_-4327,SPT Dzifa Kpota,DZIFA KPOTA,Maritime,Golfe,Golfe 1,Bè-Est,Banque,Banque,Utilisé,En activité,Lun–Mar–Mer–Jeu–Ven–Sam,6,True,False,True,1.269995,6.164911666666665,Golfe 1,Golfe,Concordant
_mview_finance_etablissements_banque.fid-7b1c8a4a_1943cbfe119_-4326,NSIA Banque - Direction générale,DEKON,Maritime,Golfe,Golfe 4,Amoutivé,Banque,Banque,Utilisé,En activité,Lun–Mar–Mer–Jeu–Ven–Sam,6,True,False,True,1.2280632684965314,6.1366200384195695,Golfe 4,Golfe,Concordant
_mview_finance_etablissements_banque.fid-7b1c8a4a_1943cbfe119_-4325,ECOBANK Baguida,BAGUIDA,Maritime,Golfe,Golfe 6,Baguida,Banque,Banque,Utilisé,En activité,Lun–Mar–Mer–Jeu–Ven–Sam,6,True,False,True,1.3269297744176531,6.164330909226384,Golfe 6,Golfe,Concordant
_mview_finance_etablissements_banque.fid-7b1c8a4a_1943cbfe119_-4324,UTB Be Kpota,BE KPOTA,Maritime,Golfe,Golfe 1,Bè-Est,Banque,Banque,Utilisé,En activité,Lun–Mar–Mer–Jeu–Ven–Sam,6,True,False,True,1.255043333333333,6.1581,Golfe 1,Golfe,Concordant
_mview_finance_etablissements_banque.fid-7b1c8a4a_1943cbfe119_-4323,UTB Hedzranawo,HÉDZRANAWOE,Maritime,Golfe,Golfe 2,Bè-Centre,Banque,Banque,Utilisé,En activité,Lun–Mar–Mer–Jeu–Ven–Sam,6,True,False,True,1.2404883333333334,6.182610000000001,Golfe 2,Golfe,Concordant
_mview_finance_etablissements_banque.fid-7b1c8a4a_1943cbfe119_-4322,UTB Novissi Jean Paul 2,NOVISSI,Maritime,Golfe,Golfe 2,Bè-Centre,Banque,Banque,Utilisé,En activité,Lun–Mar–Mer–Jeu–Ven–Sam,6,True,False,True,1.2345683333333335,6.174466666666666,Golfe 2,Golfe,Concordant
_mview_finance_etablissements_banque.fid-7b1c8a4a_1943cbfe119_-4321,UMECTO Zossime,ZOSSIME,Maritime,Agoè-Nyivé,Agoè-Nyivé 2,Légbassito,Micro-finance,Micro-Finance,Utilisé,En activité,Lun–Mar–Mer–Jeu–Ven–Sam,6,True,False,True,1.1533418882286626,6.233313818374659,Agoè-Nyivé 2,Agoè-Nyivé,Concordant
_mview_finance_etablissements_banque.fid-7b1c8a4a_1943cbfe119_-4320,UTB Sgi,GTA,Maritime,Golfe,Golfe 3,Bè-Ouest,Banque,Banque,Utilisé,En activité,Lun–Mar–Mer–Jeu–Ven–Sam,6,True,False,True,1.2123085932812612,6.188188307046548,Golfe 3,Golfe,Concordant
_mview_finance_etablissements_banque.fid-7b1c8a4a_1943cbfe119_-431f,UTB Cadastre,ADEWUI,Maritime,Golfe,Golfe 3,Bè-Ouest,Banque,Banque,Utilisé,En activité,Lun–Mar–Mer–Jeu–Ven–Sam,6,True,False,True,1.2203616666666663,6.163129999999999,Golfe 3,Golfe,Concordant
_mview_finance_etablissements_banque.fid-7b1c8a4a_1943cbfe119_-431e,UTB Kwadjoviakope,Kwadjoviakope,Maritime,Golfe,Golfe 4,Amoutivé,Banque,Banque,Utilisé,En activité,Lun–Mar–Mer–Jeu–Ven–Sam,6,True,False,True,1.1997333333333329,6.113686666666665,Golfe 4,Golfe,Concordant
_mview_finance_etablissements_banque.fid-7b1c8a4a_1943cbfe119_-431d,UTB Adidogome,ADIDOGOME,Maritime,Golfe,Golfe 5,Aflao-Gakli,Banque,Banque,Utilisé,En activité,Lun–Mar–Mer–Jeu–Ven–Sam–Dim,7,True,True,True,1.1844361581704725,6.173938606467558,Golfe 5,Golfe,Concordant
_mview_finance_etablissements_banque.fid-7b1c8a4a_1943cbfe119_-431c,WAGES Sanguera,SANGUERA,Maritime,Agoè-Nyivé,Agoè-Nyivé 5,Sanguera,Micro-finance,Micro-Finance,Utilisé,En activité,Lun–Mar–Mer–Jeu–Ven,5,False,False,True,1.11705832245944,6.227764718190804,Agoè-Nyivé 5,Agoè-Nyivé,Concordant
_mview_finance_etablissements_banque.fid-7b1c8a4a_1943cbfe119_-431b,FUCEC Togo -Togo COOPEC Akepe,SANGUERA,Maritime,Agoè-Nyivé,Agoè-Nyivé 5,Sanguera,Micro-finance,Micro-Finance,Utilisé,En activité,Lun–Mar–Mer–Jeu–Ven–Sam,6,True,False,True,1.1163963879472318,6.228350320064125,Agoè-Nyivé 5,Agoè-Nyivé,Concordant
_mview_finance_etablissements_banque.fid-7b1c8a4a_1943cbfe119_-431a,COOPEC Grace Plus Agningbe,AGNINGBE,Maritime,Agoè-Nyivé,Agoè-Nyivé 5,Sanguera,Micro-finance,Micro-Finance,Utilisé,En activité,Lun–Mar–Mer–Jeu–Ven,5,False,False,True,1.1125100000000006,6.2301,Agoè-Nyivé 5,Agoè-Nyivé,Concordant
_mview_finance_etablissements_banque.fid-7b1c8a4a_1943cbfe119_-4319,WAGES Zossime,ZOSSIME,Maritime,Agoè-Nyivé,Agoè-Nyivé 5,Sanguera,Micro-finance,Micro-Finance,Utilisé,En activité,Lun–Mar–Mer–Jeu–Ven–Sam,6,True,False,True,1.150194652967041,6.232699922230927,Agoè-Nyivé 5,Agoè-Nyivé,Concordant
_mview_finance_etablissements_banque.fid-7b1c8a4a_1943cbfe119_-4318,FUCEC Togo Zossime,ZOSSIME,Maritime,Agoè-Nyivé,Agoè-Nyivé 2,Légbassito,Micro-finance,Micro-Finance,Utilisé,En activité,Lun–Mar–Mer–Jeu–Ven–Sam,6,True,False,True,1.1515290669422864,6.234060848226777,Agoè-Nyivé 2,Agoè-Nyivé,Concordant
_mview_finance_etablissements_banque.fid-7b1c8a4a_1943cbfe119_-4317,CEC Canaan Assigomé,ASSIGOME,Maritime,Agoè-Nyivé,Agoè-Nyivé 3,Vakpossito,Micro-finance,Micro-Finance,Utilisé,En activité,Lun–Mar–Mer–Jeu–Ven–Sam,6,True,False,True,1.1588102180357074,6.227470793061823,Agoè-Nyivé 3,Agoè-Nyivé,Concordant
_mview_finance_etablissements_banque.fid-7b1c8a4a_1943cbfe119_-4316,Assilassime Solidarite Agence Vakpossito,VAKPOSSITO,Maritime,Agoè-Nyivé,Agoè-Nyivé 3,Vakpossito,Micro-finance,Micro-Finance,Utilisé,En activité,Lun–Mar–Mer–Jeu–Ven,5,False,False,True,1.163551666666666,6.217833333333336,Agoè-Nyivé 3,Agoè-Nyivé,Concordant
_mview_finance_etablissements_banque.fid-7b1c8a4a_1943cbfe119_-4315,ORABANK Awsivito,Awsivito,Maritime,Golfe,Golfe 4,Amoutivé,Banque,Banque,Néant,Statut non renseigné ou ambigu,Lun–Mar–Mer–Jeu–Ven–Sam,6,True,False,True,1.2225614917085577,6.130712869496344,Golfe 4,Golfe,Concordant
_mview_finance_etablissements_banque.fid-7b1c8a4a_1943cbfe119_-4314,BIA Togo Amoutivé,AMOUTIEVE,Maritime,Golfe,Golfe 4,Amoutivé,Banque,Banque,Néant,Statut non renseigné ou ambigu,Lun–Mar–Mer–Jeu–Ven–Sam,6,True,False,True,1.2228141094151594,6.13506543409183,Golfe 4,Golfe,Concordant
_mview_finance_etablissements_banque.fid-7b1c8a4a_1943cbfe119_-4313,SUNU Bank Hanoukopé,Hanoukopé,Maritime,Golfe,Golfe 4,Amoutivé,Banque,Banque,Néant,Statut non renseigné ou ambigu,Lun–Mar–Mer–Jeu–Ven–Sam,6,True,False,True,1.2190643228780644,6.135189608577579,Golfe 4,Golfe,Concordant
_mview_finance_etablissements_banque.fid-7b1c8a4a_1943cbfe119_-4312,BIDC,DOULASSAME,Maritime,Golfe,Golfe 4,Amoutivé,Banque,Banque,Néant,Statut non renseigné ou ambigu,Lun–Mar–Mer–Jeu–Ven–Sam,6,True,False,True,1.2244005557775837,6.136271742995631,Golfe 4,Golfe,Concordant
_mview_finance_etablissements_banque.fid-7b1c8a4a_1943cbfe119_-4311,COFINA,Kodjoviakopé,Maritime,Golfe,Golfe 4,Amoutivé,Micro-finance,Micro-Finance,Néant,Statut non renseigné ou ambigu,Lun–Mar–Mer–Jeu–Ven–Sam,6,True,False,True,1.2099160178596031,6.121898012826782,Golfe 4,Golfe,Concordant
_mview_finance_etablissements_banque.fid-7b1c8a4a_1943cbfe119_-4310,CORIS Bank Dekon,Dekon,Maritime,Golfe,Golfe 1,Bè-Est,Banque,Banque,Néant,Statut non renseigné ou ambigu,Lun–Mar–Mer–Jeu–Ven–Sam,6,True,False,True,1.2356251122972515,6.133650520545244,Golfe 1,Golfe,Concordant
_mview_finance_etablissements_banque.fid-7b1c8a4a_1943cbfe119_-430f,BOA Adawalto,ADAWALTO,Maritime,Golfe,Golfe 4,Amoutivé,Banque,Banque,Néant,Statut non renseigné ou ambigu,Lun–Mar–Mer–Jeu–Ven–Sam,6,True,False,True,1.22426464353923,6.122767502988975,Golfe 4,Golfe,Concordant
_mview_finance_etablissements_banque.fid-7b1c8a4a_1943cbfe119_-430e,FUCEC Togo Attikoumé,Attikoumé,Maritime,Golfe,Golfe 3,Bè-Ouest,Micro-finance,Micro-Finance,Néant,Statut non renseigné ou ambigu,Lun–Mar–Mer–Jeu–Ven–Sam,6,True,False,True,1.2028448122307283,6.167350061998798,Golfe 3,Golfe,Concordant
_mview_finance_etablissements_banque.fid-7b1c8a4a_1943cbfe119_-430d,Promo Finance Kanté,KANTE,Kara,Kéran,Kéran 1,Kantè,Micro-finance,Micro-Finance,Utilisé,En activité,Lun–Mar–Mer–Jeu–Ven,5,False,False,True,1.0474316666666665,9.947216666666668,Kéran 1,Kéran,Concordant
_mview_finance_etablissements_banque.fid-7b1c8a4a_1943cbfe119_-430c,Club Entraide Sans Frontiere Microfinance( CEF-MF),ADETICOPE,Maritime,Agoè-Nyivé,Agoè-Nyivé 6,Adétikopé,Micro-finance,Micro-Finance,Utilisé,En activité,Lun–Mar–Mer–Jeu–Ven–Sam,6,True,False,True,1.2177033333333331,6.324043333333334,Agoè-Nyivé 6,Agoè-Nyivé,Concordant
_mview_finance_etablissements_banque.fid-7b1c8a4a_1943cbfe119_-430b,SPT Adeticope,ADETICOPE,Maritime,Agoè-Nyivé,Agoè-Nyivé 6,Adétikopé,Banque,Banque,Utilisé,En activité,Lun–Mar–Mer–Jeu–Ven–Sam,6,True,False,True,1.2168721067236126,6.3177049514139645,Agoè-Nyivé 6,Agoè-Nyivé,Concordant
_mview_finance_etablissements_banque.fid-7b1c8a4a_1943cbfe119_-430a,FEDES Togo,ADETICOPE,Maritime,Agoè-Nyivé,Agoè-Nyivé 6,Adétikopé,Micro-finance,Micro-Finance,Utilisé,En activité,Lun–Mar–Mer–Jeu–Ven,5,False,False,True,1.217698333333333,6.317366666666667,Agoè-Nyivé 6,Agoè-Nyivé,Concordant
_mview_finance_etablissements_banque.fid-7b1c8a4a_1943cbfe119_-4309,SPT Guerin Kouka,GUÉRIN KOUKA,Kara,Dankpen,Dankpen 1,Guérin-Kouka,Banque,Banque,Néant,Statut non renseigné ou ambigu,Lun–Mar–Mer–Jeu–Ven–Sam,6,True,False,True,0.608898333333334,9.685076666666665,Dankpen 1,Dankpen,Concordant
_mview_finance_etablissements_banque.fid-7b1c8a4a_1943cbfe119_-4308,ASJD LEO 2000,LOE 2000,Maritime,Agoè-Nyivé,Agoè-Nyivé 1,Agoè-Nyivé,Micro-finance,Micro-Finance,Utilisé,En activité,Lun–Mar–Jeu–Ven–Sam,5,True,False,True,1.1770465339023344,6.211399000763923,Agoè-Nyivé 1,Golfe,Préfecture voisine
_mview_finance_etablissements_banque.fid-7b1c8a4a_1943cbfe119_-4307,Microfinance Trinité,VAKPOSITO,Maritime,Agoè-Nyivé,Agoè-Nyivé 3,Vakpossito,Micro-finance,Micro-Finance,Utilisé,En activité,Lun–Mar–Mer–Jeu–Ven,5,False,False,True,1.1596863227492002,6.2185105658196385,Agoè-Nyivé 3,Agoè-Nyivé,Concordant
_mview_finance_etablissements_banque.fid-7b1c8a4a_1943cbfe119_-4306,DSA Bank Vakpossito,VAKPOSITO,Maritime,Agoè-Nyivé,Agoè-Nyivé 3,Vakpossito,Banque,Banque,Utilisé,En activité,Lun–Mar–Mer–Jeu–Ven–Sam,6,True,False,True,1.1593217627558794,6.219090565016318,Agoè-Nyivé 3,Agoè-Nyivé,Concordant
_mview_finance_etablissements_banque.fid-7b1c8a4a_1943cbfe119_-4305,Microfinance MEDAD,VAKPOSITO,Maritime,Agoè-Nyivé,Agoè-Nyivé 5,Sanguera,Micro-finance,Micro-Finance,Utilisé,En activité,Lun–Mar–Mer–Jeu–Ven–Sam,6,True,False,True,1.1525749999999995,6.218509999999998,Agoè-Nyivé 5,Agoè-Nyivé,Concordant
_mview_finance_etablissements_banque.fid-7b1c8a4a_1943cbfe119_-4304,Microfinance Ardi-mec,VAKPOSITO,Maritime,Agoè-Nyivé,Agoè-Nyivé 3,Vakpossito,Micro-finance,Micro-Finance,Utilisé,En activité,Lun–Mar–Mer–Jeu–Ven–Sam,6,True,False,True,1.1607790281442616,6.2136982237047125,Agoè-Nyivé 3,Agoè-Nyivé,Concordant
_mview_finance_etablissements_banque.fid-7b1c8a4a_1943cbfe119_-4303,Microfinance COCEC,VAKPOSITO,Maritime,Golfe,Golfe 5,Aflao-Gakli,Micro-finance,Micro-Finance,Néant,Statut non renseigné ou ambigu,Lun–Mar–Mer–Jeu–Ven–Sam,6,True,False,True,1.1580462648295022,6.210326028711114,Golfe 5,Golfe,Concordant
_mview_finance_etablissements_banque.fid-7b1c8a4a_1943cbfe119_-4302,SPT Kanté,KANTE,Kara,Kéran,Kéran 1,Kantè,Banque,Banque,Utilisé,En activité,Lun–Mar–Mer–Jeu–Ven–Sam,6,True,False,True,1.0474900000000003,9.959381666666665,Kéran 1,Kéran,Concordant
_mview_finance_etablissements_banque.fid-7b1c8a4a_1943cbfe119_-4301,FUCEC Togo Kante,KANTE,Kara,Kéran,Kéran 1,Kantè,Micro-finance,Micro-Finance,Utilisé,En activité,Lun–Mar–Mer–Jeu–Ven,5,False,False,True,1.0457083333333328,9.958663333333334,Kéran 1,Kéran,Concordant
_mview_finance_etablissements_banque.fid-7b1c8a4a_1943cbfe119_-4300,SUNU Bank Kanté,KANTE,Kara,Kéran,Kéran 1,Kantè,Banque,Banque,Utilisé,En activité,Lun–Mar–Mer–Jeu–Ven,5,False,False,True,1.053913333333333,9.957055000000002,Kéran 1,Kéran,Concordant
_mview_finance_etablissements_banque.fid-7b1c8a4a_1943cbfe119_-42ff,MUFEC Kanté,KANTE,Kara,Kéran,Kéran 1,Kantè,Micro-finance,Micro-Finance,Utilisé,En activité,Lun–Mar–Mer–Jeu–Ven,5,False,False,True,1.048891666666666,9.958885,Kéran 1,Kéran,Concordant
_mview_finance_etablissements_banque.fid-7b1c8a4a_1943cbfe119_-42fe,FECECAV Kovie,KOVIE,Maritime,Zio,Zio 2,Kovié,Micro-finance,Micro-Finance,Utilisé,En activité,Lun–Mar–Mer–Jeu–Ven–Sam,6,True,False,True,1.107539923832058,6.341032485208888,Zio 2,Zio,Concordant
_mview_finance_etablissements_banque.fid-7b1c8a4a_1943cbfe119_-42fd,ORABANK Kanté,KANTE,Kara,Kéran,Kéran 1,Kantè,Banque,Banque,Utilisé,En activité,Lun–Mar–Mer–Jeu–Ven–Sam,6,True,False,True,1.0468766666666662,9.952220000000002,Kéran 1,Kéran,Concordant
_mview_finance_etablissements_banque.fid-7b1c8a4a_1943cbfe119_-42fc,UTB Kante,KANTE,Kara,Kéran,Kéran 1,Kantè,Banque,Banque,Utilisé,En activité,Lun–Mar–Mer–Jeu–Ven–Sam,6,True,False,True,1.046411666666666,9.958818333333333,Kéran 1,Kéran,Concordant
_mview_finance_etablissements_banque.fid-7b1c8a4a_1943cbfe119_-42fb,UTB Pya,LAO,Kara,Kozah,Kozah 2,Pya,Banque,Banque,Utilisé,En activité,Lun–Mar–Mer–Jeu–Ven–Sam,6,True,False,True,1.1466170222810699,9.6474589337942,Kozah 2,Kozah,Concordant
_mview_finance_etablissements_banque.fid-7b1c8a4a_1943cbfe119_-42fa,SPT Pya,AKEI,Kara,Kozah,Kozah 2,Pya,Banque,Banque,Utilisé,En activité,Lun–Mar–Mer–Jeu–Ven–Sam,6,True,False,True,1.1443566666666667,9.65284666666667,Kozah 2,Kozah,Concordant
_mview_finance_etablissements_banque.fid-7b1c8a4a_1943cbfe119_-42f9,BOA Ewoou,Ewoou,Kara,Kozah,Kozah 1,Commune De Kara,Banque,Banque,Utilisé,En activité,Lun–Mar–Mer–Jeu–Ven–Sam,6,True,False,True,1.1897493993518578,9.549259674086523,Kozah 1,Kozah,Concordant
_mview_finance_etablissements_banque.fid-7b1c8a4a_1943cbfe119_-42f8,SPT Welade,WELADE,Kara,Kozah,Kozah 1,Commune De Kara,Banque,Banque,Utilisé,En activité,Lun–Mar–Mer–Jeu–Ven–Sam,6,True,False,True,1.189634878046256,9.54998202102313,Kozah 1,Kozah,Concordant
_mview_finance_etablissements_banque.fid-7b1c8a4a_1943cbfe119_-42f7,CAVEC Lidaw,Patascom,Kara,Kozah,Kozah 1,Commune De Kara,Micro-finance,Micro-Finance,Utilisé,En activité,Lun–Mar–Mer–Jeu–Ven–Sam,6,True,False,True,1.189143436142396,9.54471760300309,Kozah 1,Kozah,Concordant
_mview_finance_etablissements_banque.fid-7b1c8a4a_1943cbfe119_-42f6,CORIS Bank Cofake,Cofake,Kara,Kozah,Kozah 1,Commune De Kara,Banque,Banque,Utilisé,En activité,Lun–Mar–Mer–Jeu–Ven–Sam,6,True,False,True,1.196452446855992,9.54879200653476,Kozah 1,Kozah,Concordant
_mview_finance_etablissements_banque.fid-7b1c8a4a_1943cbfe119_-42f5,BIA Togo Ewonou,Ewowou,Kara,Kozah,Kozah 1,Commune De Kara,Banque,Banque,Néant,Statut non renseigné ou ambigu,Lun–Mar–Mer–Jeu–Ven–Sam,6,True,False,True,1.1925355239357285,9.54734474775011,Kozah 1,Kozah,Concordant
_mview_finance_etablissements_banque.fid-7b1c8a4a_1943cbfe119_-42f4,SPT Cofac,COFAC,Kara,Kozah,Kozah 1,Commune De Kara,Banque,Banque,Utilisé,En activité,Lun–Mar–Mer–Jeu–Ven–Sam,6,True,False,True,1.1948716666666663,9.548288333333334,Kozah 1,Kozah,Concordant
_mview_finance_etablissements_banque.fid-7b1c8a4a_1943cbfe119_-42f3,ORABANK Ewoou,Ewoou,Kara,Kozah,Kozah 1,Commune De Kara,Banque,Banque,Utilisé,En activité,Lun–Mar–Mer–Jeu–Ven–Sam,6,True,False,True,1.189048978348377,9.55054805998585,Kozah 1,Kozah,Concordant
_mview_finance_etablissements_banque.fid-7b1c8a4a_1943cbfe119_-42f2,NSIA Banque Ewoou,EWOOU,Kara,Kozah,Kozah 1,Commune De Kara,Banque,Banque,Utilisé,En activité,Lun–Mar–Mer–Jeu–Ven–Sam,6,True,False,True,1.1902546966948893,9.54791851272773,Kozah 1,Kozah,Concordant
_mview_finance_etablissements_banque.fid-7b1c8a4a_1943cbfe119_-42f1,ECOBANK Ewoou,EWOOU,Kara,Kozah,Kozah 1,Commune De Kara,Banque,Banque,Utilisé,En activité,Lun–Mar–Mer–Jeu–Ven–Sam,6,True,False,True,1.1899261329472668,9.548949901652454,Kozah 1,Kozah,Concordant
_mview_finance_etablissements_banque.fid-7b1c8a4a_1943cbfe119_-42f0,Banque Atlantique Kpingning-Boua,KPINGNING-BOUA,Kara,Kozah,Kozah 1,Commune De Kara,Banque,Banque,Utilisé,En activité,Lun–Mar–Mer–Jeu–Ven–Sam,6,True,False,True,1.1891291021417325,9.550378425580172,Kozah 1,Kozah,Concordant
_mview_finance_etablissements_banque.fid-7b1c8a4a_1943cbfe119_-42ef,Cef Microfinance Bafilo,KIAYAKOUDJO,Kara,Assoli,Assoli 1,Bafilo,Micro-finance,Micro-Finance,Utilisé,En activité,Lun–Mar–Mer–Jeu–Ven–Sam,6,True,False,True,1.2453006548593477,9.35139418329441,Assoli 1,Assoli,Concordant
_mview_finance_etablissements_banque.fid-7b1c8a4a_1943cbfe119_-42ee,SPT Bafilo,N'KASSAIDE,Kara,Assoli,Assoli 1,Bafilo,Banque,Banque,Utilisé,En activité,Lun–Mar–Mer–Jeu–Ven–Sam,6,True,False,True,1.2426567541740527,9.35663883344696,Assoli 1,Assoli,Concordant
_mview_finance_etablissements_banque.fid-7b1c8a4a_1943cbfe119_-42ed,COOPEC Ariziki,N'KASSAIDE,Kara,Assoli,Assoli 1,Bafilo,Micro-finance,Micro-Finance,Utilisé,En activité,Mar–Mer–Jeu–Ven–Sam,5,True,False,True,1.2419550000000001,9.35788333333333,Assoli 1,Assoli,Concordant
_mview_finance_etablissements_banque.fid-7b1c8a4a_1943cbfe119_-42ec,COMEC Kara Camp Général Ameyi,LAMA,Kara,Kozah,Kozah 1,Commune De Kara,Micro-finance,Micro-Finance,Utilisé,En activité,Lun–Mar–Mer–Jeu–Ven–Sam,6,True,False,True,1.1779250000000006,9.570435000000002,Kozah 1,Kozah,Concordant
_mview_finance_etablissements_banque.fid-7b1c8a4a_1943cbfe119_-42eb,UTB Kara,Kpemboa,Kara,Kozah,Kozah 1,Commune De Kara,Banque,Banque,Utilisé,En activité,Lun–Mar–Mer–Jeu–Ven–Sam,6,True,False,True,1.183997811949712,9.557224354969133,Kozah 1,Kozah,Concordant
_mview_finance_etablissements_banque.fid-7b1c8a4a_1943cbfe119_-42ea,Promofinance Bafilo,N'KASSAIDE,Kara,Assoli,Assoli 1,Bafilo,Micro-finance,Micro-Finance,Utilisé,En activité,Lun–Mar–Mer–Jeu–Ven,5,False,False,True,1.2436866666666664,9.353026666666667,Assoli 1,Assoli,Concordant
_mview_finance_etablissements_banque.fid-7b1c8a4a_1943cbfe119_-42e9,MUCAD Bafilo,N'KASSAIDE,Kara,Assoli,Assoli 1,Bafilo,Micro-finance,Micro-Finance,Utilisé,En activité,Lun–Mar–Mer–Jeu–Ven,5,False,False,True,1.2439943257280484,9.354090029712957,Assoli 1,Assoli,Concordant
_mview_finance_etablissements_banque.fid-7b1c8a4a_1943cbfe119_-42e8,ORABANK Ewaou,EWAOU,Kara,Kozah,Kozah 1,Commune De Kara,Banque,Banque,Utilisé,En activité,Lun–Mar–Mer–Jeu–Ven–Sam,6,True,False,True,1.1864912624891424,9.549658000938427,Kozah 1,Kozah,Concordant
_mview_finance_etablissements_banque.fid-7b1c8a4a_1943cbfe119_-42e7,Promofinance Ténouyo,TENOUYO,Kara,Kozah,Kozah 2,Pya,Micro-finance,Micro-Finance,Utilisé,En activité,Lun–Mar–Mer–Jeu–Ven,5,False,False,True,1.1517513630564027,9.662645505430786,Kozah 2,Kozah,Concordant
_mview_finance_etablissements_banque.fid-7b1c8a4a_1943cbfe119_-42e6,SUNU Bank Pya,Djamdè,Kara,Kozah,Kozah 2,Pya,Banque,Banque,Utilisé,En activité,Lun–Mar–Mer–Jeu–Ven,5,False,False,True,1.1563300000000003,9.667835000000002,Kozah 2,Kozah,Concordant
_mview_finance_etablissements_banque.fid-7b1c8a4a_1943cbfe119_-42e5,Assoli,GUÉRIN KOUKA,Kara,Dankpen,Dankpen 1,Guérin-Kouka,Micro-finance,Micro-Finance,Utilisé,En activité,Lun–Mar–Mer–Jeu–Ven–Sam,6,True,False,True,0.6067900000000003,9.687836666666666,Dankpen 1,Dankpen,Concordant
_mview_finance_etablissements_banque.fid-7b1c8a4a_1943cbfe119_-42e4,COOPEC ADESEM Bafilo,DIDAOURE,Kara,Assoli,Assoli 1,Bafilo,Micro-finance,Micro-Finance,Utilisé,En activité,Lun–Mar–Mer–Jeu–Ven,5,False,False,True,1.2473149999999997,9.350101666666665,Assoli 1,Assoli,Concordant
_mview_finance_etablissements_banque.fid-7b1c8a4a_1943cbfe119_-42e3,Fonds Social de Solidarite,NIAMTOUGOU,Kara,Doufelgou,Doufelgou 1,Niamtougou,Micro-finance,Micro-Finance,Abandonné,Déclaré non opérationnel,Non renseigné,0,False,False,False,1.1088002784319735,9.765915934646783,Doufelgou 1,Doufelgou,Concordant
_mview_finance_etablissements_banque.fid-7b1c8a4a_1943cbfe119_-42e2,SUNU Bank Bafilo,KPARATAO,Kara,Assoli,Assoli 1,Bafilo,Banque,Banque,Utilisé,En activité,Lun–Mar–Mer–Jeu–Ven,5,False,False,True,1.2465922377779206,9.363648840406382,Assoli 1,Assoli,Concordant
_mview_finance_etablissements_banque.fid-7b1c8a4a_1943cbfe119_-42e1,Promo Finance Kara,Tomdè,Kara,Kozah,Kozah 1,Commune De Kara,Micro-finance,Micro-Finance,Utilisé,En activité,Lun–Mar–Mer–Jeu–Ven,5,False,False,True,1.1903350000000001,9.549825,Kozah 1,Kozah,Concordant
_mview_finance_etablissements_banque.fid-7b1c8a4a_1943cbfe119_-42e0,MUFEC Lama,EWAOU,Kara,Kozah,Kozah 1,Commune De Kara,Micro-finance,Micro-Finance,Néant,Statut non renseigné ou ambigu,Lun–Mar–Mer–Jeu–Ven–Sam,6,True,False,True,1.193238333333333,9.545616666666666,Kozah 1,Kozah,Concordant
_mview_finance_etablissements_banque.fid-7b1c8a4a_1943cbfe119_-42df,FUCEC Togo Kara,N/a,Kara,Kozah,Kozah 1,Commune De Kara,Micro-finance,Micro-Finance,Néant,Statut non renseigné ou ambigu,Lun–Mar–Mer–Jeu–Ven–Sam,6,True,False,True,1.1895597196310685,9.54599481642617,Kozah 1,Kozah,Concordant
_mview_finance_etablissements_banque.fid-7b1c8a4a_1943cbfe119_-42de,Promo Finance Tomdè,TOMDE,Kara,Kozah,Kozah 1,Commune De Kara,Micro-finance,Micro-Finance,Utilisé,En activité,Lun–Mar–Mer–Jeu–Ven–Sam,6,True,False,True,1.1929045224519192,9.55893971986101,Kozah 1,Kozah,Concordant
_mview_finance_etablissements_banque.fid-7b1c8a4a_1943cbfe119_-42dd,Promofinance Guérin Kouka,GUÉRIN kouka,Kara,Dankpen,Dankpen 1,Guérin-Kouka,Micro-finance,Micro-Finance,Utilisé,En activité,Lun–Mar–Mer–Jeu–Ven,5,False,False,True,0.607913217071084,9.691299545076577,Dankpen 1,Dankpen,Concordant
_mview_finance_etablissements_banque.fid-7b1c8a4a_1943cbfe119_-42dc,FUCEC Togo Guérin Kouka,GUÉRIN KOUKA,Kara,Dankpen,Dankpen 1,Guérin-Kouka,Micro-finance,Micro-Finance,Utilisé,En activité,Lun–Mar–Mer–Jeu–Ven,5,False,False,True,0.6076439852015187,9.690883015666522,Dankpen 1,Dankpen,Concordant
_mview_finance_etablissements_banque.fid-7b1c8a4a_1943cbfe119_-42db,SUNU Bank Guerin kouka,GUÉRIN KOUKA,Kara,Dankpen,Dankpen 1,Guérin-Kouka,Banque,Banque,Utilisé,En activité,Lun–Mar–Mer–Jeu–Ven–Sam,6,True,False,True,0.607948302392737,9.69098657157564,Dankpen 1,Dankpen,Concordant
_mview_finance_etablissements_banque.fid-7b1c8a4a_1943cbfe119_-42da,COOPEC Pagouda,KODE,Kara,Binah,Binah 1,Pagouda,Micro-finance,Micro-Finance,Utilisé,En activité,Lun–Mar–Mer–Jeu–Ven,5,False,False,True,1.3282716666666663,9.753071666666667,Binah 1,Binah,Concordant
_mview_finance_etablissements_banque.fid-7b1c8a4a_1943cbfe119_-42d9,MUCAD Guérin Kouka,GUÉRIN KOUKA,Kara,Dankpen,Dankpen 1,Guérin-Kouka,Micro-finance,Micro-Finance,Utilisé,En activité,Lun–Mar–Mer–Jeu–Ven–Sam,6,True,False,True,0.6089583333333335,9.686661666666668,Dankpen 1,Dankpen,Concordant
_mview_finance_etablissements_banque.fid-7b1c8a4a_1943cbfe119_-42d8,UTB Guérin Kouka,GUÉRIN KOUKA,Kara,Dankpen,Dankpen 1,Guérin-Kouka,Banque,Banque,Utilisé,En activité,Lun–Mar–Mer–Jeu–Ven–Sam,6,True,False,True,0.608206666666666,9.68979833333333,Dankpen 1,Dankpen,Concordant
_mview_finance_etablissements_banque.fid-7b1c8a4a_1943cbfe119_-42d7,Micro-finance UMECTO,KETAO,Kara,Binah,Binah 2,Kétao,Micro-finance,Micro-Finance,Utilisé,En activité,Lun–Mar–Mer–Jeu–Ven,5,False,False,True,1.3071466666666665,9.656716666666666,Binah 2,Binah,Concordant
_mview_finance_etablissements_banque.fid-7b1c8a4a_1943cbfe119_-42d6,FUCEC Togo Ketao,KETAO,Kara,Binah,Binah 2,Kétao,Micro-finance,Micro-Finance,Utilisé,En activité,Lun–Mar–Mer–Jeu–Ven,5,False,False,True,1.3053182226434377,9.660192574355834,Binah 2,Kozah,Préfecture voisine
_mview_finance_etablissements_banque.fid-7b1c8a4a_1943cbfe119_-42d5,SUNU Bank Ketao,KETAO,Kara,Binah,Binah 2,Kétao,Banque,Banque,Utilisé,En activité,Lun–Mar–Mer–Jeu–Ven–Sam,6,True,False,True,1.3092182485343231,9.658283091634447,Binah 2,Binah,Concordant
_mview_finance_etablissements_banque.fid-7b1c8a4a_1943cbfe119_-42d4,SPT Ketao,KETAO,Kara,Binah,Binah 2,Kétao,Banque,Banque,Utilisé,En activité,Lun–Mar–Mer–Jeu–Ven,5,False,False,True,1.308253590411621,9.6589212950631,Binah 2,Binah,Concordant
_mview_finance_etablissements_banque.fid-7b1c8a4a_1943cbfe119_-42d3,UTB Ketao,KETAO,Kara,Binah,Binah 2,Kétao,Banque,Banque,Utilisé,En activité,Lun–Mar–Mer–Jeu–Ven–Sam,6,True,False,True,1.3089801819764006,9.65898470765692,Binah 2,Binah,Concordant
_mview_finance_etablissements_banque.fid-7b1c8a4a_1943cbfe119_-42d2,Promofinace de Ketao,KETAO,Kara,Binah,Binah 2,Kétao,Micro-finance,Micro-Finance,Utilisé,En activité,Lun–Mar–Mer–Jeu–Ven,5,False,False,True,1.3103669654981691,9.66116912180659,Binah 2,Binah,Concordant
_mview_finance_etablissements_banque.fid-7b1c8a4a_1943cbfe119_-42d1,SPT Pagouda,PAGOUDA,Kara,Binah,Binah 1,Pagouda,Banque,Banque,Utilisé,En activité,Lun–Mar–Mer–Jeu–Ven–Sam,6,True,False,True,1.325414215878476,9.750391631457337,Binah 1,Binah,Concordant
_mview_finance_etablissements_banque.fid-7b1c8a4a_1943cbfe119_-42d0,Microfinance MUCAD Ketao,KETAO,Kara,Binah,Binah 2,Kétao,Micro-finance,Micro-Finance,Utilisé,En activité,Lun–Mar–Mer–Jeu–Ven–Sam,6,True,False,True,1.3090748377137882,9.657653968012646,Binah 2,Binah,Concordant
_mview_finance_etablissements_banque.fid-7b1c8a4a_1943cbfe119_-42cf,SUNU Bank Bassar,BIKOUDJIBA,Kara,Bassar,Bassar 1,Bassar,Banque,Banque,Utilisé,En activité,Lun–Mar–Mer–Jeu–Ven–Sam,6,True,False,True,0.7837097037461499,9.258141930199507,Bassar 1,Bassar,Concordant
_mview_finance_etablissements_banque.fid-7b1c8a4a_1943cbfe119_-42ce,ORABANK Togo Bassar,BANIDA,Kara,Bassar,Bassar 1,Bassar,Banque,Banque,Utilisé,En activité,Lun–Mar–Mer–Jeu–Ven–Sam,6,True,False,True,0.7851603845733981,9.257071105452901,Bassar 1,Bassar,Concordant
_mview_finance_etablissements_banque.fid-7b1c8a4a_1943cbfe119_-42cd,UTB Bassar,BANIDA,Kara,Bassar,Bassar 1,Bassar,Banque,Banque,Utilisé,En activité,Lun–Mar–Mer–Jeu–Ven–Sam,6,True,False,True,0.7814020907649645,9.262254004092847,Bassar 1,Bassar,Concordant
_mview_finance_etablissements_banque.fid-7b1c8a4a_1943cbfe119_-42cc,SPT Bassar,BASSAR,Kara,Bassar,Bassar 1,Bassar,Banque,Banque,Utilisé,En activité,Lun–Mar–Mer–Jeu–Ven–Sam,6,True,False,True,0.7793183333333322,9.262185,Bassar 1,Bassar,Concordant
_mview_finance_etablissements_banque.fid-7b1c8a4a_1943cbfe119_-42cb,COOPEC AD Bassar,KITAGBAO,Kara,Bassar,Bassar 1,Bassar,Micro-finance,Micro-Finance,Utilisé,En activité,Lun–Mar–Mer–Jeu–Ven–Sam,6,True,False,True,0.7796333333333333,9.264693333333335,Bassar 1,Bassar,Concordant
_mview_finance_etablissements_banque.fid-7b1c8a4a_1943cbfe119_-42ca,URCLEC Bassar,BASSAR,Kara,Bassar,Bassar 1,Bassar,Micro-finance,Micro-Finance,Utilisé,En activité,Lun–Mar–Mer–Jeu–Ven–Sam,6,True,False,True,0.7789651095010675,9.261451216466083,Bassar 1,Bassar,Concordant
_mview_finance_etablissements_banque.fid-7b1c8a4a_1943cbfe119_-42c9,COOPEC ADESEM Bangeli,BANGELI,Kara,Bassar,Bassar 2,Bangeli,Micro-finance,Micro-Finance,Utilisé,En activité,Lun–Mar–Mer–Jeu–Ven–Sam,6,True,False,True,0.62418,9.422103333333332,Bassar 2,Bassar,Concordant
_mview_finance_etablissements_banque.fid-7b1c8a4a_1943cbfe119_-42c8,SPT Bangeli,BANGELI,Kara,Bassar,Bassar 2,Bangeli,Banque,Banque,Utilisé,En activité,Lun–Mar–Mer–Jeu–Ven–Sam,6,True,False,True,0.6246133333333327,9.422101666666668,Bassar 2,Bassar,Concordant
_mview_finance_etablissements_banque.fid-7b1c8a4a_1943cbfe119_-42c7,SUNU Mango,MANGO,Savanes,Oti,Oti 1,Mango,Banque,Banque,Utilisé,En activité,Lun–Mar–Mer–Jeu–Ven–Sam,6,True,False,True,0.4704628173648756,10.354379899748068,Oti 1,Oti,Concordant
_mview_finance_etablissements_banque.fid-7b1c8a4a_1943cbfe119_-42c6,COOPEC ADESEM Sankpana,SANKPANA,Kara,Bassar,Bassar 3,Kabou,Micro-finance,Micro-Finance,Utilisé,En activité,Lun–Mar–Mer–Jeu–Ven,5,False,False,True,0.8176699999999999,9.455804999999998,Bassar 3,Bassar,Concordant
_mview_finance_etablissements_banque.fid-7b1c8a4a_1943cbfe119_-42c5,UTB Assahoun,ASSAHOUN,Maritime,Avé,Avé 1,Assahoun,Banque,Banque,Utilisé,En activité,Lun–Mar–Mer–Jeu–Ven–Sam,6,True,False,True,0.9095906393193487,6.456482289715696,Avé 1,Avé,Concordant
_mview_finance_etablissements_banque.fid-7b1c8a4a_1943cbfe119_-42c4,FUCEC Togo Kabou,Kabou,Kara,Bassar,Bassar 3,Kabou,Micro-finance,Micro-Finance,Utilisé,En activité,Lun–Mar–Mer–Jeu–Ven,5,False,False,True,0.8109583333333329,9.454095,Bassar 3,Bassar,Concordant
_mview_finance_etablissements_banque.fid-7b1c8a4a_1943cbfe119_-42c3,BTCI Kabou,KABOU MARCHE,Kara,Bassar,Bassar 3,Kabou,Banque,Banque,Utilisé,En activité,Lun–Mar–Mer–Jeu–Ven,5,False,False,True,0.813139962823082,9.456295504129102,Bassar 3,Bassar,Concordant
_mview_finance_etablissements_banque.fid-7b1c8a4a_1943cbfe119_-42c2,COOPEC Bilimon Bassar,BANIDA,Kara,Bassar,Bassar 1,Bassar,Micro-finance,Micro-Finance,Utilisé,En activité,Lun–Mar–Mer–Jeu–Ven–Sam,6,True,False,True,0.7829177879262712,9.259053265635966,Bassar 1,Bassar,Concordant
_mview_finance_etablissements_banque.fid-7b1c8a4a_1943cbfe119_-42c1,MEC-D Broukou,BROUKOU,Kara,Doufelgou,Doufelgou 3,Alloum,Micro-finance,Micro-Finance,Utilisé,En activité,Lun–Mar–Mer–Jeu–Ven–Sam,6,True,False,True,0.9212603058598731,9.738439456101142,Doufelgou 3,Doufelgou,Concordant
_mview_finance_etablissements_banque.fid-7b1c8a4a_1943cbfe119_-42c0,BTCI Niamtougou,NIANTOUGOU,Kara,Doufelgou,Doufelgou 1,Niamtougou,Banque,Banque,Utilisé,En activité,Lun–Mar–Mer–Jeu–Ven–Sam,6,True,False,True,1.10898,9.765265000000003,Doufelgou 1,Doufelgou,Concordant
_mview_finance_etablissements_banque.fid-7b1c8a4a_1943cbfe119_-42bf,MEC-D  Siou,BIRGOU,Kara,Doufelgou,Doufelgou 1,Siou,Micro-finance,Micro-Finance,Utilisé,En activité,Lun–Mar–Mer–Jeu–Ven–Sam,6,True,False,True,1.2002383333333335,9.821415000000002,Doufelgou 1,Doufelgou,Concordant
_mview_finance_etablissements_banque.fid-7b1c8a4a_1943cbfe119_-42be,MEC-D de defale,N/a,Kara,Doufelgou,Doufelgou 2,Défalé,Micro-finance,Micro-Finance,Utilisé,En activité,Lun–Mar–Mer–Jeu–Ven–Sam,6,True,False,True,1.0905210478622869,9.865460748016316,Doufelgou 2,Doufelgou,Concordant
_mview_finance_etablissements_banque.fid-7b1c8a4a_1943cbfe119_-42bd,SUNU Bank Niamtougou,YARKATIOUTE,Kara,Doufelgou,Doufelgou 1,Niamtougou,Banque,Banque,Utilisé,En activité,Lun–Mar–Mer–Jeu–Ven–Sam,6,True,False,True,1.1073076816539842,9.761561464617033,Doufelgou 1,Doufelgou,Concordant
_mview_finance_etablissements_banque.fid-7b1c8a4a_1943cbfe119_-42bc,Promofinance Broukou,BROUKOU,Kara,Doufelgou,Doufelgou 3,Alloum,Micro-finance,Micro-Finance,Utilisé,En activité,Lun–Mar–Mer–Jeu–Ven,5,False,False,True,0.9215777363608129,9.73983174900369,Doufelgou 3,Doufelgou,Concordant
_mview_finance_etablissements_banque.fid-7b1c8a4a_1943cbfe119_-42bb,COOPEC Niamtougou,BROUKOU,Kara,Doufelgou,Doufelgou 3,Alloum,Micro-finance,Micro-Finance,Utilisé,En activité,Lun–Mar–Mer–Jeu–Ven,5,False,False,True,0.9202392697524872,9.740067313310163,Doufelgou 3,Doufelgou,Concordant
_mview_finance_etablissements_banque.fid-7b1c8a4a_1943cbfe119_-42ba,COOPEC Niantougou,NIANTOUGOU,Kara,Doufelgou,Doufelgou 1,Niamtougou,Micro-finance,Micro-Finance,Utilisé,En activité,Mar–Mer–Jeu–Ven–Dim,5,False,True,True,1.1068379097221857,9.764061326431086,Doufelgou 1,Doufelgou,Concordant
_mview_finance_etablissements_banque.fid-7b1c8a4a_1943cbfe119_-42b9,C.P.D.E.N.D.F,KOKA YAKA,Kara,Doufelgou,Doufelgou 1,Niamtougou,Micro-finance,Micro-Finance,Utilisé,En activité,Mar–Mer–Jeu–Ven–Dim,5,False,True,True,1.1127885069350079,9.773433803190711,Doufelgou 1,Doufelgou,Concordant
_mview_finance_etablissements_banque.fid-7b1c8a4a_1943cbfe119_-42b8,Mec-d Niamtougou,Total NIAMTOUGOU,Kara,Doufelgou,Doufelgou 1,Niamtougou,Micro-finance,Micro-Finance,Utilisé,En activité,Mar–Mer–Jeu–Ven–Sam–Dim,6,True,True,True,1.1074411232945585,9.765029259233224,Doufelgou 1,Doufelgou,Concordant
_mview_finance_etablissements_banque.fid-7b1c8a4a_1943cbfe119_-42b7,Sanlam Kara,Ewao,Kara,Kozah,Kozah 1,Commune De Kara,Assurance,Assurance,Utilisé,En activité,Lun–Mar–Mer–Jeu–Ven,5,False,False,True,1.1969616674093926,9.545288813776803,Kozah 1,Kozah,Concordant
_mview_finance_etablissements_banque.fid-7b1c8a4a_1943cbfe119_-42b6,GTA Assurance Gbiyinboua,Gbiyinboua,Kara,Kozah,Kozah 1,Commune De Kara,Assurance,Assurance,Utilisé,En activité,Lun–Mar–Mer–Jeu–Ven,5,False,False,True,1.1891039895249098,9.550400130426782,Kozah 1,Kozah,Concordant
_mview_finance_etablissements_banque.fid-7b1c8a4a_1943cbfe119_-42b5,Fidelia Assurance Kara,Cofak,Kara,Kozah,Kozah 1,Commune De Kara,Assurance,Assurance,Utilisé,En activité,Lun–Mar–Mer–Jeu–Ven,5,False,False,True,1.1921138803668052,9.547881785245085,Kozah 1,Kozah,Concordant
_mview_finance_etablissements_banque.fid-7b1c8a4a_1943cbfe119_-42b4,NSIA Assurance Kara,NSP,Kara,Kozah,Kozah 1,Commune De Kara,Assurance,Assurance,Utilisé,En activité,Lun–Mar–Mer–Jeu–Ven,5,False,False,True,1.1878516666666663,9.551905000000003,Kozah 1,Kozah,Concordant
_mview_finance_etablissements_banque.fid-7b1c8a4a_1943cbfe119_-42b3,Prudential Beneficial Assurance,Chaminade,Kara,Kozah,Kozah 1,Commune De Kara,Assurance,Assurance,Location,Statut non renseigné ou ambigu,Lun–Mar–Mer–Jeu–Ven,5,False,False,True,1.1917208238563899,9.55916039834308,Kozah 1,Kozah,Concordant
_mview_finance_etablissements_banque.fid-7b1c8a4a_1943cbfe119_-42b2,SUNU Assurance Vie,N/a,Kara,Kozah,Kozah 1,Commune De Kara,Assurance,Assurance,Utilisé,En activité,Lun–Mar–Mer–Jeu–Ven–Sam,6,True,False,True,1.1833899999999993,9.558608333333334,Kozah 1,Kozah,Concordant
_mview_finance_etablissements_banque.fid-7b1c8a4a_1943cbfe119_-42b1,SUNU Assurance Iard,CHAMINADE,Kara,Kozah,Kozah 1,Commune De Kara,Assurance,Assurance,Utilisé,En activité,Lun–Mar–Mer–Jeu–Ven,5,False,False,True,1.188863333333333,9.551063333333333,Kozah 1,Kozah,Concordant
_mview_finance_etablissements_banque.fid-7b1c8a4a_1943cbfe119_-42b0,Fidelia Assurance Bassar,BASSAR,Kara,Bassar,Bassar 1,Bassar,Assurance,Assurance,Utilisé,En activité,Lun–Mar–Mer–Jeu–Ven,5,False,False,True,0.7856599999999997,9.264446666666668,Bassar 1,Bassar,Concordant
_mview_finance_etablissements_banque.fid-7b1c8a4a_1943cbfe119_-42af,Promo Finance Bassar,BASSAR,Kara,Bassar,Bassar 1,Bassar,Micro-finance,Micro-Finance,Utilisé,En activité,Mar–Mer–Jeu–Ven–Sam,5,True,False,True,0.7741283333333334,9.262161666666668,Bassar 1,Bassar,Concordant
_mview_finance_etablissements_banque.fid-7b1c8a4a_1943cbfe119_-42ae,SUNU Bank Chaminade,Chaminade,Kara,Kozah,Kozah 1,Commune De Kara,Banque,Banque,Utilisé,En activité,Lun–Mar–Mer–Jeu–Ven–Sam,6,True,False,True,1.183396916780646,9.558597093564781,Kozah 1,Kozah,Concordant
_mview_finance_etablissements_banque.fid-7b1c8a4a_1943cbfe119_-42ad,BSIC Kara,COFAC,Kara,Kozah,Kozah 1,Commune De Kara,Banque,Banque,Utilisé,En activité,Lun–Mar–Mer–Jeu–Ven–Sam,6,True,False,True,1.1922233333333339,9.548170000000002,Kozah 1,Kozah,Concordant
_mview_finance_etablissements_banque.fid-7b1c8a4a_1943cbfe119_-42ac,COCEC Djagble,DJAGBLE,Maritime,Zio,Zio 1,Djagblé,Micro-finance,Micro-Finance,Utilisé,En activité,Lun–Mar–Mer–Jeu–Ven–Sam,6,True,False,True,1.2827549999999999,6.254643333333335,Zio 1,Zio,Concordant
_mview_finance_etablissements_banque.fid-7b1c8a4a_1943cbfe119_-42ab,Mutuelle Villageoise de developpement de Avedze,AVEDZE,Maritime,Zio,Zio 3,Gamé-Sèva,Micro-finance,Micro-Finance,Utilisé,En activité,Lun–Mar–Mer–Jeu–Ven–Sam,6,True,False,True,1.238830357308717,6.672092766562961,Zio 3,Zio,Concordant
_mview_finance_etablissements_banque.fid-7b1c8a4a_1943cbfe119_-42aa,SUNU Bank Tagbligbo,TABLIGBO,Maritime,Yoto,Yoto 1,Tabligbo,Banque,Banque,Utilisé,En activité,Lun–Mar–Mer–Jeu–Ven–Sam,6,True,False,True,1.5012799999999997,6.592006666666667,Yoto 1,Yoto,Concordant
_mview_finance_etablissements_banque.fid-7b1c8a4a_1943cbfe119_-42a9,COOPEC-AD Tagbligbo,TABLIGBO,Maritime,Yoto,Yoto 1,Tabligbo,Micro-finance,Micro-Finance,Utilisé,En activité,Lun–Mar–Mer–Jeu–Ven–Sam,6,True,False,True,1.500261666666667,6.589533333333335,Yoto 1,Yoto,Concordant
_mview_finance_etablissements_banque.fid-7b1c8a4a_1943cbfe119_-42a8,Mutuelle Akwaba Tagbligbo,TABLIGBO,Maritime,Yoto,Yoto 1,Tabligbo,Micro-finance,Micro-Finance,Utilisé,En activité,Lun–Mar–Mer–Jeu–Ven–Sam,6,True,False,True,1.4957404469606597,6.588998754943864,Yoto 1,Yoto,Concordant
_mview_finance_etablissements_banque.fid-7b1c8a4a_1943cbfe119_-42a7,UTB Tagbligbo,TABLIGBO,Maritime,Yoto,Yoto 1,Tabligbo,Banque,Banque,Utilisé,En activité,Lun–Mar–Mer–Jeu–Ven–Sam,6,True,False,True,1.4940933333333333,6.588850000000002,Yoto 1,Yoto,Concordant
_mview_finance_etablissements_banque.fid-7b1c8a4a_1943cbfe119_-42a6,Banque Atlantique Tagbligbo,TABLIGBO,Maritime,Yoto,Yoto 1,Tabligbo,Banque,Banque,Utilisé,En activité,Lun–Mar–Mer–Jeu–Ven–Sam,6,True,False,True,1.5106866666666663,6.58045,Yoto 1,Yoto,Concordant
_mview_finance_etablissements_banque.fid-7b1c8a4a_1943cbfe119_-42a5,UMECTO Tagbligbo,TABLIGBO,Maritime,Yoto,Yoto 1,Tabligbo,Micro-finance,Micro-Finance,Utilisé,En activité,Lun–Mar–Mer–Jeu–Ven,5,False,False,True,1.4988783333333335,6.589511666666668,Yoto 1,Yoto,Concordant
_mview_finance_etablissements_banque.fid-7b1c8a4a_1943cbfe119_-42a4,UMECTO Ahepe,AHEPE,Maritime,Yoto,Yoto 2,Ahépé,Micro-finance,Micro-Finance,Utilisé,En activité,Lun–Mar–Mer–Jeu–Ven,5,False,False,True,1.3961916666666665,6.6063616666666665,Yoto 2,Yoto,Concordant
_mview_finance_etablissements_banque.fid-7b1c8a4a_1943cbfe119_-42a3,Mutuelle Akwaba Agence Annexe,AHEPE,Maritime,Yoto,Yoto 2,Ahépé,Micro-finance,Micro-Finance,Utilisé,En activité,Lun–Mar–Mer–Jeu–Ven,5,False,False,True,1.3941233333333327,6.604326666666667,Yoto 2,Yoto,Concordant
_mview_finance_etablissements_banque.fid-7b1c8a4a_1943cbfe119_-42a2,FUCEC Togo -Togo (guichet de Tchekpo ),TCHEKPO,Maritime,Yoto,Yoto 2,Tchékpo,Micro-finance,Micro-Finance,Utilisé,En activité,Lun–Mar–Mer–Jeu–Ven,5,False,False,True,1.3589116666666667,6.533866666666665,Yoto 2,Yoto,Concordant
_mview_finance_etablissements_banque.fid-7b1c8a4a_1943cbfe119_-42a1,Mutuelle Akwaba Guichet de Tchekpo,TCHEKPO,Maritime,Yoto,Yoto 2,Tchékpo,Micro-finance,Micro-Finance,Utilisé,En activité,Lun–Mar–Mer–Jeu–Ven,5,False,False,True,1.3603983333333334,6.536853333333333,Yoto 2,Yoto,Concordant
_mview_finance_etablissements_banque.fid-7b1c8a4a_1943cbfe119_-42a0,FUCEC Togo Ahépé,AHEPE,Maritime,Yoto,Yoto 2,Ahépé,Micro-finance,Micro-Finance,Utilisé,En activité,Lun–Mar–Mer–Jeu–Ven,5,False,False,True,1.3975900000000003,6.605745000000001,Yoto 2,Yoto,Concordant
_mview_finance_etablissements_banque.fid-7b1c8a4a_1943cbfe119_-429f,SPT Tagbligbo,TABLIGBO,Maritime,Yoto,Yoto 1,Tabligbo,Banque,Banque,Utilisé,En activité,Lun–Mar–Mer–Jeu–Ven–Sam,6,True,False,True,1.5004100000000002,6.588474999999998,Yoto 1,Yoto,Concordant
_mview_finance_etablissements_banque.fid-7b1c8a4a_1943cbfe119_-429e,SPT Ahepe,AHEPE,Maritime,Yoto,Yoto 2,Ahépé,Banque,Banque,Utilisé,En activité,Lun–Mar–Mer–Jeu–Ven–Sam,6,True,False,True,1.3964700000000003,6.607158333333333,Yoto 2,Yoto,Concordant
_mview_finance_etablissements_banque.fid-7b1c8a4a_1943cbfe119_-429d,COOPEC Kouve,KOUVE,Maritime,Yoto,Yoto 1,Kouvé,Micro-finance,Micro-Finance,Utilisé,En activité,Lun–Mar–Mer–Jeu–Ven,5,False,False,True,1.413443333333334,6.662139999999999,Yoto 1,Yoto,Concordant
_mview_finance_etablissements_banque.fid-7b1c8a4a_1943cbfe119_-429c,Mutuelle Akwaba Kouvé Atsapé,KOUVE ATSAPE,Maritime,Yoto,Yoto 1,Kouvé,Micro-finance,Micro-Finance,Utilisé,En activité,Lun–Mar–Mer–Jeu–Ven,5,False,False,True,1.412469999999999,6.663051666666666,Yoto 1,Yoto,Concordant
_mview_finance_etablissements_banque.fid-7b1c8a4a_1943cbfe119_-429b,FUCEC Togo Tabligbo,TABLIGBO,Maritime,Yoto,Yoto 1,Tabligbo,Micro-finance,Micro-Finance,Utilisé,En activité,Lun–Mar–Mer–Jeu–Ven,5,False,False,True,1.5007683333333335,6.587079999999999,Yoto 1,Yoto,Concordant
_mview_finance_etablissements_banque.fid-7b1c8a4a_1943cbfe119_-429a,FUCEC Togo COOPEC Tsevie,TSEVIE,Maritime,Zio,Zio 1,Tsévié,Micro-finance,Micro-Finance,Néant,Statut non renseigné ou ambigu,Lun–Mar–Mer–Jeu–Ven–Sam,6,True,False,True,1.2160345099598362,6.424629719549638,Zio 1,Zio,Concordant
_mview_finance_etablissements_banque.fid-7b1c8a4a_1943cbfe119_-4299,Cooperative Solidarite Agricole Centre la Pauvreté,Kpeme,Maritime,Zio,Zio 2,Mission-Tové,Micro-finance,Micro-Finance,Utilisé,En activité,Lun–Mar–Mer–Jeu–Ven,5,False,False,True,1.1248683611403556,6.321683745336598,Zio 2,Zio,Concordant
_mview_finance_etablissements_banque.fid-7b1c8a4a_1943cbfe119_-4298,UTB Tsevie,TSEVIE,Maritime,Zio,Zio 1,Tsévié,Banque,Banque,Utilisé,En activité,Lun–Mar–Mer–Jeu–Ven–Sam,6,True,False,True,1.2128466666666666,6.423501666666669,Zio 1,Zio,Concordant
_mview_finance_etablissements_banque.fid-7b1c8a4a_1943cbfe119_-4297,Tsonakle,GBOTO  ZEVE,Maritime,Yoto,Yoto 3,Gboto,Micro-finance,Micro-Finance,Utilisé,En activité,Lun–Mar–Mer–Jeu–Ven,5,False,False,True,1.4765249942202656,6.7053718995275595,Yoto 3,Yoto,Concordant
_mview_finance_etablissements_banque.fid-7b1c8a4a_1943cbfe119_-4296,ADCB-CREC,GBOTO VODOUPE,Maritime,Yoto,Yoto 3,Gboto,Micro-finance,Micro-Finance,Utilisé,En activité,Lun–Mar–Mer–Jeu–Ven,5,False,False,True,1.529971666666667,6.675221666666665,Yoto 3,Yoto,Concordant
_mview_finance_etablissements_banque.fid-7b1c8a4a_1943cbfe119_-4295,WAGES Tsévié,TSEVIE,Maritime,Zio,Zio 1,Tsévié,Micro-finance,Micro-Finance,Utilisé,En activité,Lun–Mar–Mer–Jeu–Ven,5,False,False,True,1.2112870881548377,6.43694116781951,Zio 1,Zio,Concordant
_mview_finance_etablissements_banque.fid-7b1c8a4a_1943cbfe119_-4294,UMECTO Tsévié,TSEVIE,Maritime,Zio,Zio 1,Tsévié,Micro-finance,Micro-Finance,Néant,Statut non renseigné ou ambigu,Lun–Mar–Mer–Jeu–Ven,5,False,False,True,1.2107380941624881,6.437543162266772,Zio 1,Zio,Concordant
_mview_finance_etablissements_banque.fid-7b1c8a4a_1943cbfe119_-4293,COOPEC la Fructueuse,DJAGBLE,Maritime,Zio,Zio 1,Djagblé,Micro-finance,Micro-Finance,Utilisé,En activité,Lun–Mar–Mer–Jeu–Ven–Sam,6,True,False,True,1.2777675648911706,6.248924096380966,Zio 1,Zio,Concordant
_mview_finance_etablissements_banque.fid-7b1c8a4a_1943cbfe119_-4292,Mutuelle Akwaba Adangbe,ADANGBE,Maritime,Zio,Zio 1,Dalavé,Micro-finance,Micro-Finance,Utilisé,En activité,Lun–Mar–Mer–Jeu–Ven,5,False,False,True,1.271555033349037,6.402118341535273,Zio 1,Zio,Concordant
_mview_finance_etablissements_banque.fid-7b1c8a4a_1943cbfe119_-4291,Mutuelle Akwaba Tsévié,TSEVIE,Maritime,Zio,Zio 1,Tsévié,Micro-finance,Micro-Finance,Autre,Statut non renseigné ou ambigu,Lun–Mar–Mer–Jeu–Ven,5,False,False,True,1.2089566666666665,6.408478333333334,Zio 1,Zio,Concordant
_mview_finance_etablissements_banque.fid-7b1c8a4a_1943cbfe119_-4290,FECECAV la Grâce,N'dayi,Maritime,Zio,Zio 1,Tsévié,Micro-finance,Micro-Finance,Autre,Statut non renseigné ou ambigu,Lun–Mar–Mer–Jeu–Ven,5,False,False,True,1.2096783333333332,6.424116666666666,Zio 1,Zio,Concordant
_mview_finance_etablissements_banque.fid-7b1c8a4a_1943cbfe119_-428f,Coopérative des Femmes Pour L'epargne et de Crédit,AKOUMAPE,Maritime,Vo,Vo 4,Akoumapé,Micro-finance,Micro-Finance,Utilisé,En activité,Lun–Mar–Mer–Jeu–Ven,5,False,False,True,1.4332699999999996,6.383346666666666,Vo 4,Vo,Concordant
_mview_finance_etablissements_banque.fid-7b1c8a4a_1943cbfe119_-428e,SPT Keve,LATIN,Maritime,Avé,Avé 1,Kévé,Banque,Banque,Utilisé,En activité,Lun–Mar–Mer–Jeu–Ven–Sam,6,True,False,True,0.9242519550209953,6.435462033465573,Avé 1,Avé,Concordant
_mview_finance_etablissements_banque.fid-7b1c8a4a_1943cbfe119_-428d,COOPEC Afagnan,N/a,Maritime,Bas-Mono,Bas-Mono 1,Afagnangan,Micro-finance,Micro-Finance,Utilisé,En activité,Lun–Mar–Mer–Jeu–Ven,5,False,False,True,1.6270983717941225,6.4958124421382895,Bas-Mono 1,Bas-Mono,Concordant
_mview_finance_etablissements_banque.fid-7b1c8a4a_1943cbfe119_-428c,FUCEC Togo Topeme,TOPEME,Maritime,Avé,Avé 1,Kévé,Micro-finance,Micro-Finance,Utilisé,En activité,Mar–Mer–Jeu–Ven–Sam,5,True,False,True,0.9307392946149826,6.4308190065469475,Avé 1,Avé,Concordant
_mview_finance_etablissements_banque.fid-7b1c8a4a_1943cbfe119_-428b,COOPEC AD Kévé,KEVE,Maritime,Avé,Avé 1,Kévé,Micro-finance,Micro-Finance,Utilisé,En activité,Lun–Mar–Mer–Jeu–Ven–Sam,6,True,False,True,0.9252549999999997,6.434536666666666,Avé 1,Avé,Concordant
_mview_finance_etablissements_banque.fid-7b1c8a4a_1943cbfe119_-428a,FECECAV D Assiame,ASSIAMA,Maritime,Avé,Avé 2,Aképé,Micro-finance,Micro-Finance,Utilisé,En activité,Lun–Mar–Mer–Jeu–Ven,5,False,False,True,1.0578266666666665,6.2421733333333345,Avé 2,Avé,Concordant
_mview_finance_etablissements_banque.fid-7b1c8a4a_1943cbfe119_-4289,FECECAV Solidarite,TOVEGAN,Maritime,Avé,Avé 1,Tovégan,Micro-finance,Micro-Finance,Utilisé,En activité,Lun–Mar–Mer–Jeu–Ven,5,False,False,True,0.8942383333333328,6.566518333333333,Avé 1,Avé,Concordant
_mview_finance_etablissements_banque.fid-7b1c8a4a_1943cbfe119_-4288,FUCEC Togo Akepe,AKEPE,Maritime,Avé,Avé 2,Aképé,Micro-finance,Micro-Finance,Utilisé,En activité,Lun–Mar–Mer–Jeu–Ven,5,False,False,True,1.0574369358405815,6.241332053458358,Avé 2,Avé,Concordant
_mview_finance_etablissements_banque.fid-7b1c8a4a_1943cbfe119_-4287,COOPAD Transformation,BADJA,Maritime,Avé,Avé 2,Badja,Micro-finance,Micro-Finance,Utilisé,En activité,Lun–Mar–Mer–Jeu–Ven,5,False,False,True,0.9851716666666669,6.375300000000003,Avé 2,Avé,Concordant
_mview_finance_etablissements_banque.fid-7b1c8a4a_1943cbfe119_-4286,Mutuelle Akwaba Gbatope,GBATOPE,Maritime,Zio,Zio 1,Gbatopé,Micro-finance,Micro-Finance,Utilisé,En activité,Lun–Mar–Mer–Jeu–Ven,5,False,False,True,1.2590233333333332,6.4444099999999995,Zio 1,Zio,Concordant
_mview_finance_etablissements_banque.fid-7b1c8a4a_1943cbfe119_-4285,Microfinance Tso Nakle,AMEGNRAN,Maritime,Vo,Vo 3,Dzrékpo,Micro-finance,Micro-Finance,Utilisé,En activité,Lun–Mar–Mer–Jeu–Ven,5,False,False,True,1.5688957745842684,6.473318684360648,Vo 3,Vo,Concordant
_mview_finance_etablissements_banque.fid-7b1c8a4a_1943cbfe119_-4284,SUNU Bank Tsevie,TSEVIE,Maritime,Zio,Zio 1,Tsévié,Banque,Banque,Utilisé,En activité,Lun–Mar–Mer–Jeu–Ven–Sam,6,True,False,True,1.2116950000000004,6.417165,Zio 1,Zio,Concordant
_mview_finance_etablissements_banque.fid-7b1c8a4a_1943cbfe119_-4283,2A.D.A.D,Cinkanssé,Savanes,Cinkassé,Cinkassé 1,Cinkassé,Micro-finance,Micro-Finance,Utilisé,En activité,Lun–Mar–Mer–Jeu–Ven–Sam,6,True,False,True,0.0242955900000002,11.099877119999999,Cinkassé 1,Cinkassé,Concordant
_mview_finance_etablissements_banque.fid-7b1c8a4a_1943cbfe119_-4282,COECEPT Assahoun,AMEGNIDO KONDJI,Maritime,Avé,Avé 1,Assahoun,Micro-finance,Micro-Finance,Utilisé,En activité,Lun–Mar–Mer–Jeu–Ven–Sam,6,True,False,True,0.9087680273957975,6.459856089517012,Avé 1,Avé,Concordant
_mview_finance_etablissements_banque.fid-7b1c8a4a_1943cbfe119_-4281,FUCEC Togo Dzolo,DZOLO,Maritime,Avé,Avé 1,Zolo,Micro-finance,Micro-Finance,Utilisé,En activité,Lun–Mar–Mer–Jeu–Ven–Sam,6,True,False,True,0.8913618068184748,6.3756716323258225,Avé 1,Avé,Concordant
_mview_finance_etablissements_banque.fid-7b1c8a4a_1943cbfe119_-4280,CECAV la Grace,ASSAHOUN,Maritime,Avé,Avé 1,Assahoun,Micro-finance,Micro-Finance,Utilisé,En activité,Lun–Mar–Mer–Jeu–Ven–Sam,6,True,False,True,0.9090066666666662,6.459115000000002,Avé 1,Avé,Concordant
_mview_finance_etablissements_banque.fid-7b1c8a4a_1943cbfe119_-427f,COOPEC la Lumière,NOEPE,Maritime,Avé,Avé 2,Noépé,Micro-finance,Micro-Finance,Néant,Statut non renseigné ou ambigu,Lun–Mar–Mer–Jeu–Ven–Sam,6,True,False,True,1.0430936701408355,6.256828672534578,Avé 2,Avé,Concordant
_mview_finance_etablissements_banque.fid-7b1c8a4a_1943cbfe119_-427e,ORABANK Assahoun,ASSAHOUN,Maritime,Avé,Avé 1,Assahoun,Banque,Banque,Utilisé,En activité,Lun–Mar–Mer–Jeu–Ven–Sam,6,True,False,True,0.9101882221452332,6.454893167303371,Avé 1,Avé,Concordant
_mview_finance_etablissements_banque.fid-7b1c8a4a_1943cbfe119_-427d,FUCEC Togo Assahoun,ASSAHOUN,Maritime,Avé,Avé 1,Assahoun,Micro-finance,Micro-Finance,Utilisé,En activité,Lun–Mar–Mer–Jeu–Ven–Sam,6,True,False,True,0.9145275580204043,6.450344918328133,Avé 1,Avé,Concordant
_mview_finance_etablissements_banque.fid-7b1c8a4a_1943cbfe119_-427c,Mutuelle Benit,APESSITO,Maritime,Zio,Zio 2,Mission-Tové,Micro-finance,Micro-Finance,Utilisé,En activité,Lun–Mar–Mer–Jeu–Ven,5,False,False,True,1.135565,6.296796666666668,Zio 2,Zio,Concordant
_mview_finance_etablissements_banque.fid-7b1c8a4a_1943cbfe119_-427b,SPT Tsevie,TSEVIE,Maritime,Zio,Zio 1,Tsévié,Banque,Banque,Utilisé,En activité,Lun–Mar–Mer–Jeu–Ven–Sam,6,True,False,True,1.209923301397525,6.4240801143212565,Zio 1,Zio,Concordant
_mview_finance_etablissements_banque.fid-7b1c8a4a_1943cbfe119_-427a,COOPEC Fidélité,Adjako,Maritime,Zio,Zio 1,Tsévié,Micro-finance,Micro-Finance,Autre,Statut non renseigné ou ambigu,Lun–Mar–Mer–Jeu–Ven–Sam,6,True,False,True,1.2067135976796382,6.433648159921646,Zio 1,Zio,Concordant
_mview_finance_etablissements_banque.fid-7b1c8a4a_1943cbfe119_-4279,Mutuelle Dignité Humaine,KOVIE,Maritime,Zio,Zio 2,Kovié,Micro-finance,Micro-Finance,Autre,Statut non renseigné ou ambigu,Lun–Mar–Mer–Jeu–Ven–Sam,6,True,False,True,1.1128200000000006,6.342693333333333,Zio 2,Zio,Concordant
_mview_finance_etablissements_banque.fid-7b1c8a4a_1943cbfe119_-4278,Mutuelle Akwaba Avérétoe,AVERETOE,Maritime,Zio,Zio 4,Gapé-Centre,Micro-finance,Micro-Finance,Utilisé,En activité,Lun–Mar–Mer–Jeu–Ven,5,False,False,True,1.1032795873266528,6.602804686949104,Zio 4,Zio,Concordant
_mview_finance_etablissements_banque.fid-7b1c8a4a_1943cbfe119_-4277,FUSECAB,N/a,Maritime,Zio,Zio 4,Gapé-Centre,Micro-finance,Micro-Finance,Utilisé,En activité,Lun–Mar–Mer–Jeu–Ven,5,False,False,True,1.1014363586413467,6.603393715797492,Zio 4,Zio,Concordant
_mview_finance_etablissements_banque.fid-7b1c8a4a_1943cbfe119_-4276,COOPEC Gape Centre,Nyfare,Maritime,Zio,Zio 4,Gapé-Centre,Micro-finance,Micro-Finance,Utilisé,En activité,Lun–Mar–Mer–Jeu–Ven–Sam,6,True,False,True,1.1037347742488521,6.601971608906869,Zio 4,Zio,Concordant
_mview_finance_etablissements_banque.fid-7b1c8a4a_1943cbfe119_-4275,Centre d'assistance Juridique et Economique Aux Femmes,Avenyke,Maritime,Zio,Zio 2,Mission-Tové,Micro-finance,Micro-Finance,Néant,Statut non renseigné ou ambigu,Lun–Mar–Mer–Jeu–Ven,5,False,False,True,1.1252866666666663,6.289135000000001,Zio 2,Zio,Concordant
_mview_finance_etablissements_banque.fid-7b1c8a4a_1943cbfe119_-4274,CECAv Prosperite,AGBELOUVE,Maritime,Zio,Zio 3,Agbélouvé,Micro-finance,Micro-Finance,Utilisé,En activité,Lun–Mar–Mer–Jeu–Ven,5,False,False,True,1.168202004415628,6.671258740998086,Zio 3,Zio,Concordant
_mview_finance_etablissements_banque.fid-7b1c8a4a_1943cbfe119_-4273,FUCEC Togo Agbelouvé,ZONGO,Maritime,Zio,Zio 3,Agbélouvé,Micro-finance,Micro-Finance,Utilisé,En activité,Lun–Mar–Mer–Jeu–Ven,5,False,False,True,1.167646666666666,6.672010000000002,Zio 3,Zio,Concordant
_mview_finance_etablissements_banque.fid-7b1c8a4a_1943cbfe119_-4272,SPEC OIC Togo Agbelouvé,AGBELOUVE,Maritime,Zio,Zio 3,Agbélouvé,Micro-finance,Micro-Finance,Inacheve,Déclaré non opérationnel,Lun–Mar–Mer–Jeu–Ven,5,False,False,True,1.1686609035257691,6.668793483594661,Zio 3,Zio,Concordant
_mview_finance_etablissements_banque.fid-7b1c8a4a_1943cbfe119_-4271,COOPEC Tsevie Guichet Djagblé,DJAGBLE DEVE,Maritime,Zio,Zio 1,Djagblé,Micro-finance,Micro-Finance,Utilisé,En activité,Lun–Mar–Mer–Jeu–Ven–Sam,6,True,False,True,1.2840838371050298,6.254856509431228,Zio 1,Zio,Concordant
_mview_finance_etablissements_banque.fid-7b1c8a4a_1943cbfe119_-4270,Caisse Communautaire,KPEVEGO,Maritime,Zio,Zio 3,Agbélouvé,Micro-finance,Micro-Finance,Sans Local,Déclaré non opérationnel,Sam,1,True,False,True,1.1862136373808159,6.620074109015926,Zio 3,Zio,Concordant
_mview_finance_etablissements_banque.fid-7b1c8a4a_1943cbfe119_-426f,ECOBANK Assou kondji,ASSOU KONDJI,Maritime,Yoto,Yoto 3,Tokpli,Banque,Banque,Utilisé,En activité,Lun–Mar–Mer–Jeu–Ven,5,False,False,True,1.567317586737663,6.625783318018493,Yoto 3,Yoto,Concordant
_mview_finance_etablissements_banque.fid-7b1c8a4a_1943cbfe119_-426e,Mutuelle ASJD Bdougbé,BADOUGBE,Maritime,Vo,Vo 2,Togoville,Micro-finance,Micro-Finance,Utilisé,En activité,Lun–Mar–Mer–Jeu–Ven,5,False,False,True,1.5133058272413333,6.237518185838413,Vo 2,Vo,Concordant
_mview_finance_etablissements_banque.fid-7b1c8a4a_1943cbfe119_-426d,FUCEC Togo AttiTogon,Ketope,Maritime,Bas-Mono,Bas-Mono 2,Attitogon,Micro-finance,Micro-Finance,Utilisé,En activité,Lun–Mar–Mer–Jeu–Ven,5,False,False,True,1.6631175459013166,6.41677940264338,Bas-Mono 2,Bas-Mono,Concordant
_mview_finance_etablissements_banque.fid-7b1c8a4a_1943cbfe119_-426c,COOPEC-AD Novissikome,Novissikome,Maritime,Vo,Vo 1,Vogan,Micro-finance,Micro-Finance,Utilisé,En activité,Lun–Mar–Mer–Jeu–Ven–Sam,6,True,False,True,1.5238499999999997,6.3407766666666685,Vo 1,Vo,Concordant
_mview_finance_etablissements_banque.fid-7b1c8a4a_1943cbfe119_-426b,ORABANK Novissikomé,Novissikome,Maritime,Vo,Vo 1,Vogan,Banque,Banque,Utilisé,En activité,Lun–Mar–Mer–Jeu–Ven–Sam,6,True,False,True,1.5266850000000007,6.337270000000001,Vo 1,Vo,Concordant
_mview_finance_etablissements_banque.fid-7b1c8a4a_1943cbfe119_-426a,SPT Commandant condji,Commandant condji,Maritime,Vo,Vo 1,Vogan,Banque,Banque,Utilisé,En activité,Lun–Mar–Mer–Jeu–Ven–Sam,6,True,False,True,1.5295100000000006,6.335061666666666,Vo 1,Vo,Concordant
_mview_finance_etablissements_banque.fid-7b1c8a4a_1943cbfe119_-4269,COOPEC CECEAO,Novossikome,Maritime,Vo,Vo 1,Vogan,Micro-finance,Micro-Finance,Utilisé,En activité,Lun–Mar–Jeu–Ven–Sam,5,True,False,True,1.524266666666666,6.339256666666667,Vo 1,Vo,Concordant
_mview_finance_etablissements_banque.fid-7b1c8a4a_1943cbfe119_-4268,FESEC-Togo,AMEGNRAN,Maritime,Vo,Vo 3,Dzrékpo,Micro-finance,Micro-Finance,Utilisé,En activité,Lun–Mar–Mer–Jeu–Ven,5,False,False,True,1.5687463779901694,6.474165324792857,Vo 3,Vo,Concordant
_mview_finance_etablissements_banque.fid-7b1c8a4a_1943cbfe119_-4267,SPT Aklakou,AKLAKOU LYCEE,Maritime,Lacs,Lacs 2,Aklakou,Banque,Banque,Utilisé,En activité,Lun–Mar–Mer–Jeu–Ven–Sam,6,True,False,True,1.7097733333333331,6.335185,Lacs 2,Lacs,Concordant
_mview_finance_etablissements_banque.fid-7b1c8a4a_1943cbfe119_-4266,Mutuelle Kekeli,Commandant kondji,Maritime,Vo,Vo 1,Vogan,Micro-finance,Micro-Finance,Utilisé,En activité,Lun–Mar–Mer–Jeu–Ven,5,False,False,True,1.5299449999999997,6.333538333333334,Vo 1,Vo,Concordant
_mview_finance_etablissements_banque.fid-7b1c8a4a_1943cbfe119_-4265,SUNU Bank Vogan,Novissikome,Maritime,Vo,Vo 1,Vogan,Banque,Banque,Utilisé,En activité,Lun–Mar–Mer–Jeu–Ven–Sam,6,True,False,True,1.5290350000000001,6.335515,Vo 1,Vo,Concordant
_mview_finance_etablissements_banque.fid-7b1c8a4a_1943cbfe119_-4264,COOPEC AD Boadé,N/a,Savanes,Cinkassé,Cinkassé 1,Cinkassé,Micro-finance,Micro-Finance,Utilisé,En activité,Lun–Mar–Mer–Jeu–Ven–Sam,6,True,False,True,0.0177411999999997,11.099775399999999,Cinkassé 1,Cinkassé,Concordant
_mview_finance_etablissements_banque.fid-7b1c8a4a_1943cbfe119_-4263,UTB Novissikomé,Novissikome,Maritime,Vo,Vo 1,Vogan,Banque,Banque,Utilisé,En activité,Lun–Mar–Mer–Jeu–Ven–Sam,6,True,False,True,1.5235249999999998,6.340533333333335,Vo 1,Vo,Concordant
_mview_finance_etablissements_banque.fid-7b1c8a4a_1943cbfe119_-4262,FECECAV-MECA,Novissikome,Maritime,Vo,Vo 1,Vogan,Micro-finance,Micro-Finance,Utilisé,En activité,Lun–Mar–Mer–Jeu–Ven,5,False,False,True,1.5239383333333332,6.340490000000002,Vo 1,Vo,Concordant
_mview_finance_etablissements_banque.fid-7b1c8a4a_1943cbfe119_-4261,Coopérative d'épargne et de Credit du Personnel de la SNPT,HAHOTOE,Maritime,Vo,Vo 4,Hahotoé,Micro-finance,Micro-Finance,Utilisé,En activité,Lun–Mar–Mer–Jeu–Ven,5,False,False,True,1.4093801384877906,6.367006402264263,Vo 4,Vo,Concordant
_mview_finance_etablissements_banque.fid-7b1c8a4a_1943cbfe119_-4260,FUCEC Togo - COOPEC CECEAO,HAHOTOE,Maritime,Vo,Vo 4,Hahotoé,Micro-finance,Micro-Finance,Utilisé,En activité,Lun–Mar–Mer–Jeu–Ven–Sam,6,True,False,True,1.4145866666666667,6.363103333333335,Vo 4,Vo,Concordant
_mview_finance_etablissements_banque.fid-7b1c8a4a_1943cbfe119_-425f,UMECTO Kekeli,HAHOTOE,Maritime,Vo,Vo 4,Hahotoé,Micro-finance,Micro-Finance,Utilisé,En activité,Lun–Mar–Mer–Jeu–Ven,5,False,False,True,1.4164533333333336,6.365516666666667,Vo 4,Vo,Concordant
_mview_finance_etablissements_banque.fid-7b1c8a4a_1943cbfe119_-425e,Mutuelle Kekeli,AKLAKOU LYCEE,Maritime,Lacs,Lacs 2,Aklakou,Micro-finance,Micro-Finance,Utilisé,En activité,Lun–Mar–Mer–Jeu–Ven,5,False,False,True,1.7083999999999997,6.3337650000000005,Lacs 2,Lacs,Concordant
_mview_finance_etablissements_banque.fid-7b1c8a4a_1943cbfe119_-425d,MECA Anfoin,ANFOIN CENTRE,Maritime,Lacs,Lacs 4,Anfoin,Micro-finance,Micro-Finance,Utilisé,En activité,Lun–Mar–Mer–Jeu–Ven–Sam,6,True,False,True,1.6067983333333336,6.328863333333335,Lacs 4,Lacs,Concordant
_mview_finance_etablissements_banque.fid-7b1c8a4a_1943cbfe119_-425c,SPT Anfoin,ANFOIN POSTE,Maritime,Lacs,Lacs 4,Anfoin,Banque,Banque,Utilisé,En activité,Lun–Mar–Mer–Jeu–Ven–Sam,6,True,False,True,1.6068806200000003,6.3287033500000005,Lacs 4,Lacs,Concordant
_mview_finance_etablissements_banque.fid-7b1c8a4a_1943cbfe119_-425b,COOPEC-nyameneko,ANFOIN CENTRE,Maritime,Lacs,Lacs 4,Anfoin,Micro-finance,Micro-Finance,Utilisé,En activité,Lun–Mar–Mer–Jeu–Ven,5,False,False,True,1.6075739,6.330149250000001,Lacs 4,Lacs,Concordant
_mview_finance_etablissements_banque.fid-7b1c8a4a_1943cbfe119_-425a,FUCEC Togo Aného,Aného centre,Maritime,Lacs,Lacs 1,Canton D’Aneho,Micro-finance,Micro-Finance,Utilisé,En activité,Lun–Mar–Mer–Jeu–Ven,5,False,False,True,1.6104011999999996,6.23774328,Lacs 1,Lacs,Concordant
_mview_finance_etablissements_banque.fid-7b1c8a4a_1943cbfe119_-4259,SPT Aneho,ANEHOGAN AGBODJI,Maritime,Lacs,Lacs 1,Aného,Banque,Banque,Utilisé,En activité,Lun–Mar–Mer–Jeu–Ven–Sam,6,True,False,True,1.5973883333333334,6.228128333333332,Lacs 1,Lacs,Concordant
_mview_finance_etablissements_banque.fid-7b1c8a4a_1943cbfe119_-4258,COCPAV Dague,DAGUE,Maritime,Lacs,Lacs 3,Gbodjomé,Micro-finance,Micro-Finance,Utilisé,En activité,Lun–Mar–Mer–Jeu–Ven,5,False,False,True,1.4056099999999994,6.200319999999999,Lacs 3,Lacs,Concordant
_mview_finance_etablissements_banque.fid-7b1c8a4a_1943cbfe119_-4257,COOPEC Kekeli,AFIDENYIGBAN,Maritime,Lacs,Lacs 3,Gbodjomé,Micro-finance,Micro-Finance,Utilisé,En activité,Lun–Mar–Mer–Jeu–Ven,5,False,False,True,1.3925383333333334,6.183366666666667,Lacs 3,Lacs,Concordant
_mview_finance_etablissements_banque.fid-7b1c8a4a_1943cbfe119_-4256,COOPEC Nyameneko /fusec,AGBAVI,Maritime,Lacs,Lacs 3,Gbodjomé,Micro-finance,Micro-Finance,Utilisé,En activité,Lun–Mar–Mer–Jeu–Ven–Sam,6,True,False,True,1.3968250000000002,6.1922349999999975,Lacs 3,Lacs,Concordant
_mview_finance_etablissements_banque.fid-7b1c8a4a_1943cbfe119_-4255,UTB Aneho,N/a,Maritime,Lacs,Lacs 1,Canton D’Aneho,Banque,Banque,Néant,Statut non renseigné ou ambigu,Lun–Mar–Mer–Jeu–Ven–Sam,6,True,False,True,1.6032254,6.232721700000001,Lacs 1,Lacs,Concordant
_mview_finance_etablissements_banque.fid-7b1c8a4a_1943cbfe119_-4254,OIC Kpékplémé,N/a,Plateaux,Moyen-Mono,Moyen-Mono 2,Kpékplémé,Banque,Banque,Néant,Statut non renseigné ou ambigu,Lun–Mar–Mer–Jeu–Ven–Sam,6,True,False,True,1.6257073199292362,7.331785471833214,Moyen-Mono 2,Moyen-Mono,Concordant
_mview_finance_etablissements_banque.fid-7b1c8a4a_1943cbfe119_-4253,WAGES Agbodrafo,AGBODRAFO,Maritime,Lacs,Lacs 3,Agbodrafo,Micro-finance,Micro-Finance,Utilisé,En activité,Lun–Mar–Mer–Jeu–Ven,5,False,False,True,1.4816766666666665,6.209718333333332,Lacs 3,Lacs,Concordant
_mview_finance_etablissements_banque.fid-7b1c8a4a_1943cbfe119_-4252,COOPEC Nataan de Bombouaka,BOMBOUAKA,Savanes,Tandjoaré,Tandjoaré 1,Bombouaka,Micro-finance,Micro-Finance,Néant,Statut non renseigné ou ambigu,Lun–Mar–Mer–Jeu–Ven–Sam,6,True,False,True,0.2087583333333333,10.694073333333337,Tandjoaré 1,Tandjoaré,Concordant
_mview_finance_etablissements_banque.fid-7b1c8a4a_1943cbfe119_-4251,FUCEC Togo Kpémé,KPEME,Maritime,Lacs,Lacs 3,Agbodrafo,Micro-finance,Micro-Finance,Utilisé,En activité,Lun–Mar–Mer–Jeu–Ven,5,False,False,True,1.5045950000000003,6.213899999999999,Lacs 3,Lacs,Concordant
_mview_finance_etablissements_banque.fid-7b1c8a4a_1943cbfe119_-4250,SPT Agbodrafo,AGBODRAFO,Maritime,Lacs,Lacs 3,Agbodrafo,Banque,Banque,Néant,Statut non renseigné ou ambigu,Lun–Mar–Mer–Jeu–Ven–Sam,6,True,False,True,1.4778316666666669,6.207895000000001,Lacs 3,Lacs,Concordant
_mview_finance_etablissements_banque.fid-7b1c8a4a_1943cbfe119_-424f,MECA Amadoté,Amadote,Maritime,Lacs,Lacs 1,Canton D’Aneho,Micro-finance,Micro-Finance,Utilisé,En activité,Lun–Mar–Mer–Jeu–Ven–Sam,6,True,False,True,1.6145029999999998,6.238581700000001,Lacs 1,Lacs,Concordant
_mview_finance_etablissements_banque.fid-7b1c8a4a_1943cbfe119_-424e,COOPEC AD Agbonou,AGBONOU,Plateaux,Ogou,Ogou 1,Djama,Micro-finance,Micro-Finance,Utilisé,En activité,Lun–Mar–Mer–Jeu–Ven–Sam,6,True,False,True,1.1511452577382335,7.51371383601868,Ogou 1,Ogou,Concordant
_mview_finance_etablissements_banque.fid-7b1c8a4a_1943cbfe119_-424d,ECOBANK Carrefour,Carrefour du 13 janvier,Maritime,Lacs,Lacs 1,Canton D’Aneho,Banque,Banque,Utilisé,En activité,Lun–Mar–Mer–Jeu–Ven–Sam,6,True,False,True,1.6122614500000003,6.23636382,Lacs 1,Lacs,Concordant
_mview_finance_etablissements_banque.fid-7b1c8a4a_1943cbfe119_-424c,SUNU Bank Gériko,Gériko,Maritime,Lacs,Lacs 1,Canton D’Aneho,Banque,Banque,Utilisé,En activité,Lun–Mar–Mer–Jeu–Ven–Sam,6,True,False,True,1.6161891199999998,6.238434350000001,Lacs 1,Lacs,Concordant
_mview_finance_etablissements_banque.fid-7b1c8a4a_1943cbfe119_-424b,ORABANK Gériko,Gériko,Maritime,Lacs,Lacs 1,Canton D’Aneho,Banque,Banque,Utilisé,En activité,Lun–Mar–Mer–Jeu–Ven–Sam,6,True,False,True,1.6234909400000002,6.2401496000000005,Lacs 1,Lacs,Concordant
_mview_finance_etablissements_banque.fid-7b1c8a4a_1943cbfe119_-424a,BTCI Gériko,Gériko,Maritime,Lacs,Lacs 1,Canton D’Aneho,Banque,Banque,Utilisé,En activité,Lun–Mar–Mer–Jeu–Ven–Sam,6,True,False,True,1.62364358,6.240375340000001,Lacs 1,Lacs,Concordant
_mview_finance_etablissements_banque.fid-7b1c8a4a_1943cbfe119_-4249,WAGES le Sang kongni,Le sang kondji,Maritime,Lacs,Lacs 1,Canton D’Aneho,Micro-finance,Micro-Finance,Utilisé,En activité,Lun–Mar–Mer–Jeu–Ven,5,False,False,True,1.62037899,6.23947996,Lacs 1,Lacs,Concordant
_mview_finance_etablissements_banque.fid-7b1c8a4a_1943cbfe119_-4248,NSIA Assurance banque Aneho,Geriko,Maritime,Lacs,Lacs 1,Canton D’Aneho,Banque,Banque,Néant,Statut non renseigné ou ambigu,Lun–Mar–Mer–Jeu–Ven,5,False,False,True,1.6214912799999994,6.239946480000001,Lacs 1,Lacs,Concordant
_mview_finance_etablissements_banque.fid-7b1c8a4a_1943cbfe119_-4247,ORABANK Tsevie,BEGBE,Maritime,Zio,Zio 1,Tsévié,Banque,Banque,Utilisé,En activité,Lun–Mar–Mer–Jeu–Ven–Sam,6,True,False,True,1.2119657313386423,6.434019472703054,Zio 1,Zio,Concordant
_mview_finance_etablissements_banque.fid-7b1c8a4a_1943cbfe119_-4246,SPT Agbélouvé,Agbélouvé,Maritime,Zio,Zio 3,Agbélouvé,Banque,Banque,Utilisé,En activité,Lun–Mar–Mer–Jeu–Ven,5,False,False,True,1.1678437843952096,6.671749272143332,Zio 3,Zio,Concordant
_mview_finance_etablissements_banque.fid-7b1c8a4a_1943cbfe119_-4245,Division des Operations Douanieres de la Region Maritime,TSEVIE,Maritime,Zio,Zio 1,Tsévié,Micro-finance,Micro-Finance,Utilisé,En activité,Lun–Mar–Mer–Jeu–Ven,5,False,False,True,1.2162122592083409,6.432164956325957,Zio 1,Zio,Concordant
_mview_finance_etablissements_banque.fid-7b1c8a4a_1943cbfe119_-4244,COMEC Temedja,TEMEDJA,Plateaux,Amou,Amou 3,Témédja,Micro-finance,Micro-Finance,Utilisé,En activité,Lun–Mar–Mer–Jeu–Ven–Sam,6,True,False,True,1.0589466666666665,7.518834999999998,Amou 3,Amou,Concordant
_mview_finance_etablissements_banque.fid-7b1c8a4a_1943cbfe119_-4243,BOA Gnagna,N/a,Plateaux,Ogou,Ogou 1,Gnagna,Banque,Banque,Utilisé,En activité,Lun–Mar–Mer–Jeu–Ven–Sam,6,True,False,True,1.1412266666666666,7.519048333333334,Ogou 1,Ogou,Concordant
_mview_finance_etablissements_banque.fid-7b1c8a4a_1943cbfe119_-4242,Microfinance Millenium Kpotame,Kpotame,Plateaux,Ogou,Ogou 1,Djama,Micro-finance,Micro-Finance,Utilisé,En activité,Lun–Mar–Mer–Jeu–Ven–Sam,6,True,False,True,1.1528839027965647,7.5091423077618575,Ogou 1,Ogou,Concordant
_mview_finance_etablissements_banque.fid-7b1c8a4a_1943cbfe119_-4241,CECAV Agbonou,AGBONOU,Plateaux,Ogou,Ogou 1,Djama,Micro-finance,Micro-Finance,Utilisé,En activité,Lun–Mar–Mer–Jeu–Ven–Sam,6,True,False,True,1.1502349999999997,7.51646,Ogou 1,Ogou,Concordant
_mview_finance_etablissements_banque.fid-7b1c8a4a_1943cbfe119_-4240,COOPEC Ilema de Akpare,AKPARE,Plateaux,Ogou,Ogou 2,Akparé,Micro-finance,Micro-Finance,En construction,Déclaré non opérationnel,Lun–Mar–Mer–Jeu–Ven,5,False,False,True,1.3146666666666662,7.474770000000003,Ogou 2,Ogou,Concordant
_mview_finance_etablissements_banque.fid-7b1c8a4a_1943cbfe119_-423f,COOPEC Nyamassila,NYAMASSILA,Plateaux,Est-Mono,Est-Mono 3,Nyamassila,Micro-finance,Micro-Finance,Utilisé,En activité,Mar–Mer–Jeu–Ven–Sam,5,True,False,True,1.1919649999999995,7.987585000000001,Est-Mono 3,Est-Mono,Concordant
_mview_finance_etablissements_banque.fid-7b1c8a4a_1943cbfe119_-423e,COOPEC Elavagnon,ELAVAGNON,Plateaux,Est-Mono,Est-Mono 1,Elavagnon,Micro-finance,Micro-Finance,Utilisé,En activité,Mar–Mer–Jeu–Ven–Sam,5,True,False,True,1.284715578012051,7.955827731916766,Est-Mono 1,Est-Mono,Concordant
_mview_finance_etablissements_banque.fid-7b1c8a4a_1943cbfe119_-423d,COOPEC-AD Badou,BADOU,Plateaux,Wawa,Wawa 1,Badou,Micro-finance,Micro-Finance,Utilisé,En activité,Lun–Mar–Mer–Ven–Sam,5,True,False,True,0.60879681011179,7.585430614652392,Wawa 1,Wawa,Concordant
_mview_finance_etablissements_banque.fid-7b1c8a4a_1943cbfe119_-423c,MGPCC dekawowo,ZONGO,Plateaux,Wawa,Wawa 1,Badou,Micro-finance,Micro-Finance,Utilisé,En activité,Lun–Mar–Mer–Jeu–Ven,5,False,False,True,0.6095963454536255,7.592735147178389,Wawa 1,Wawa,Concordant
_mview_finance_etablissements_banque.fid-7b1c8a4a_1943cbfe119_-423b,FUCEC Togo  COOPEC Novissi,IKPABE,Plateaux,Wawa,Wawa 1,Badou,Micro-finance,Micro-Finance,Utilisé,En activité,Lun–Mar–Mer–Jeu–Ven,5,False,False,True,0.6127683333333331,7.58479,Wawa 1,Wawa,Concordant
_mview_finance_etablissements_banque.fid-7b1c8a4a_1943cbfe119_-423a,ORABANK Badou,BADOU VILLE,Plateaux,Wawa,Wawa 1,Badou,Banque,Banque,Utilisé,En activité,Lun–Mar–Mer–Jeu–Ven–Sam,6,True,False,True,0.6065152459901539,7.584979121428079,Wawa 1,Wawa,Concordant
_mview_finance_etablissements_banque.fid-7b1c8a4a_1943cbfe119_-4239,COOPEC Katchere,MORETAN,Plateaux,Est-Mono,Est-Mono 2,Morétan,Micro-finance,Micro-Finance,Utilisé,En activité,Lun–Mar–Mer–Jeu–Ven–Sam,6,True,False,True,1.3504790894493797,8.10741032426643,Est-Mono 2,Est-Mono,Concordant
_mview_finance_etablissements_banque.fid-7b1c8a4a_1943cbfe119_-4238,Assciation Oressan,ABIA AKOKO,Plateaux,Ogou,Ogou 2,Datcha,Micro-finance,Micro-Finance,Utilisé,En activité,Lun–Mar–Mer–Jeu–Ven–Sam,6,True,False,True,1.1600283333333326,7.4326083333333335,Ogou 2,Ogou,Concordant
_mview_finance_etablissements_banque.fid-7b1c8a4a_1943cbfe119_-4237,BSIC Cinkanssé,N/a,Savanes,Cinkassé,Cinkassé 1,Cinkassé,Banque,Banque,Utilisé,En activité,Lun–Mar–Mer–Jeu–Ven–Sam,6,True,False,True,0.0138517300000002,11.107137359999998,Cinkassé 1,Cinkassé,Concordant
_mview_finance_etablissements_banque.fid-7b1c8a4a_1943cbfe119_-4236,FUCEC Togo Tado,TADO-CENTRE,Plateaux,Moyen-Mono,Moyen-Mono 1,Tado,Micro-finance,Micro-Finance,Utilisé,En activité,Mar–Mer–Jeu–Ven–Sam,5,True,False,True,1.591692099308749,7.1460170359089155,Moyen-Mono 1,Moyen-Mono,Concordant
_mview_finance_etablissements_banque.fid-7b1c8a4a_1943cbfe119_-4235,SPEC OIC Togo Atchankoe,CARREFOUR ATCHANKOE,Plateaux,Ogou,Ogou 4,Ountivou,Micro-finance,Micro-Finance,Utilisé,En activité,Lun–Mar–Mer–Jeu–Ven,5,False,False,True,1.4855015903412987,7.431298049728864,Ogou 4,Ogou,Concordant
_mview_finance_etablissements_banque.fid-7b1c8a4a_1943cbfe119_-4234,Association Villageoise pour l'Epargne et le Credit,QUARTIER CARREFOUR ATCHANKOE,Plateaux,Ogou,Ogou 4,Ountivou,Micro-finance,Micro-Finance,Utilisé,En activité,Lun–Mar–Mer–Jeu–Ven–Sam,6,True,False,True,1.48510329751457,7.430692121366527,Ogou 4,Ogou,Concordant
_mview_finance_etablissements_banque.fid-7b1c8a4a_1943cbfe119_-4233,SPEC OIC-Togo Akpaka,AKPAKA,Plateaux,Ogou,Ogou 3,Gléi,Micro-finance,Micro-Finance,Utilisé,En activité,Lun–Mar–Mer–Jeu–Ven,5,False,False,True,1.1636866666666668,7.314553333333335,Ogou 3,Ogou,Concordant
_mview_finance_etablissements_banque.fid-7b1c8a4a_1943cbfe119_-4232,FECECAV Kpele,KPELE,Plateaux,Haho,Haho 1,Atchavé,Micro-finance,Micro-Finance,Utilisé,En activité,Lun–Mar–Mer–Jeu–Ven,5,False,False,True,1.184121666666667,6.857761666666667,Haho 1,Haho,Concordant
_mview_finance_etablissements_banque.fid-7b1c8a4a_1943cbfe119_-4231,COOPEC Ilema de Kpota,KPOTA,Plateaux,Ogou,Ogou 3,Gléi,Micro-finance,Micro-Finance,Utilisé,En activité,Lun–Mar–Mer–Jeu–Ven,5,False,False,True,1.1665883333333338,7.318416666666667,Ogou 3,Ogou,Concordant
_mview_finance_etablissements_banque.fid-7b1c8a4a_1943cbfe119_-4230,COOPEC Novissi de l'Affaire sociale,Affaire  sociale,Plateaux,Ogou,Ogou 3,Gléi,Micro-finance,Micro-Finance,Utilisé,En activité,Lun–Mar–Mer–Jeu–Ven,5,False,False,True,1.1651629249555326,7.315628428476689,Ogou 3,Ogou,Concordant
_mview_finance_etablissements_banque.fid-7b1c8a4a_1943cbfe119_-422f,FECECAV Danyi Microfinance,APEYEME,Plateaux,Danyi,Danyi 1,Danyi-Atigba,Micro-finance,Micro-Finance,Utilisé,En activité,Lun–Mar–Mer–Jeu–Ven–Sam,6,True,False,True,0.6930825535488041,7.202054418560122,Danyi 1 + Danyi 2,Danyi,Concordant
_mview_finance_etablissements_banque.fid-7b1c8a4a_1943cbfe119_-422e,FUCEC Togo Apéyémé,APEYEME,Plateaux,Danyi,Danyi 1,Danyi-Atigba,Micro-finance,Micro-Finance,Utilisé,En activité,Lun–Mar–Mer–Jeu–Ven,5,False,False,True,0.6910599999999993,7.198371666666668,Danyi 1 + Danyi 2,Danyi,Concordant
_mview_finance_etablissements_banque.fid-7b1c8a4a_1943cbfe119_-422d,UTB Boadé,N/a,Savanes,Cinkassé,Cinkassé 1,Cinkassé,Banque,Banque,Utilisé,En activité,Lun–Mar–Mer–Jeu–Ven–Sam,6,True,False,True,0.0160195099999995,11.102661830000002,Cinkassé 1,Cinkassé,Concordant
_mview_finance_etablissements_banque.fid-7b1c8a4a_1943cbfe119_-422c,SPEC OIC Togo Kpohizouhoe,KPOYIZOUHOE,Plateaux,Moyen-Mono,Moyen-Mono 1,Tohoun,Micro-finance,Micro-Finance,Utilisé,En activité,Lun–Mar–Mer–Jeu–Ven,5,False,False,True,1.6151360922523716,7.023818098839283,Moyen-Mono 1,Moyen-Mono,Concordant
_mview_finance_etablissements_banque.fid-7b1c8a4a_1943cbfe119_-422b,COOPEC ADMEGNONTCHIHOE,MEGNONTCHIHOE,Plateaux,Moyen-Mono,Moyen-Mono 2,Kpékplémé,Micro-finance,Micro-Finance,Utilisé,En activité,Lun–Mar–Mer–Jeu–Ven–Sam,6,True,False,True,1.6276766666666662,7.325931666666667,Moyen-Mono 2,Moyen-Mono,Concordant
_mview_finance_etablissements_banque.fid-7b1c8a4a_1943cbfe119_-422a,FUCEC Togo Kpékplémé,AHOEGBAME,Plateaux,Moyen-Mono,Moyen-Mono 2,Kpékplémé,Micro-finance,Micro-Finance,Utilisé,En activité,Mar–Mer–Jeu–Ven–Sam,5,True,False,True,1.6239544159835997,7.328479642242918,Moyen-Mono 2,Moyen-Mono,Concordant
_mview_finance_etablissements_banque.fid-7b1c8a4a_1943cbfe119_-4229,SPT Boadé,Vers la frontière,Savanes,Cinkassé,Cinkassé 1,Cinkassé,Banque,Banque,Utilisé,En activité,Lun–Mar–Mer–Jeu–Ven–Sam,6,True,False,True,0.01244535,11.110863139999998,Cinkassé 1,Cinkassé,Concordant
_mview_finance_etablissements_banque.fid-7b1c8a4a_1943cbfe119_-4228,SPEC OIC Togo Tado,TADO ADJATCHE,Plateaux,Moyen-Mono,Moyen-Mono 1,Tado,Micro-finance,Micro-Finance,Utilisé,En activité,Lun–Mar–Mer–Jeu–Ven,5,False,False,True,1.5930266666666668,7.143353333333333,Moyen-Mono 1,Moyen-Mono,Concordant
_mview_finance_etablissements_banque.fid-7b1c8a4a_1943cbfe119_-4227,FUCEC Togo  COOPEC CFAE,AGOU-GARE,Plateaux,Agou,Agou 1,Agou-Tavié,Micro-finance,Micro-Finance,Utilisé,En activité,Lun–Mar–Mer–Ven,4,False,False,True,0.7153516666666666,6.851056666666667,Agou 1,Agou,Concordant
_mview_finance_etablissements_banque.fid-7b1c8a4a_1943cbfe119_-4226,CECAV Espoir,AGOU  GARE,Plateaux,Agou,Agou 1,Agou-Tavié,Micro-finance,Micro-Finance,Utilisé,En activité,Lun–Mar–Mer–Jeu–Ven,5,False,False,True,0.7185433333333333,6.847573333333334,Agou 1,Agou,Concordant
_mview_finance_etablissements_banque.fid-7b1c8a4a_1943cbfe119_-4225,SPT Agou-gare,AGOU-GARE,Plateaux,Agou,Agou 1,Agou-Tavié,Banque,Banque,Utilisé,En activité,Lun–Mar–Mer–Jeu–Ven–Sam,6,True,False,True,0.7163833333333331,6.844028333333335,Agou 1,Agou,Concordant
_mview_finance_etablissements_banque.fid-7b1c8a4a_1943cbfe119_-4224,FECECAV Kougnohou,KOUGNOHOU,Plateaux,Akébou,Akébou 1,Kougnohou,Micro-finance,Micro-Finance,Néant,Statut non renseigné ou ambigu,Lun–Mar–Mer–Jeu–Ven,5,False,False,True,0.7891916666666668,7.652154999999998,Akébou 1,Akébou,Concordant
_mview_finance_etablissements_banque.fid-7b1c8a4a_1943cbfe119_-4223,FUCEC Togo Kougnohou,KOUGNOHOU,Plateaux,Akébou,Akébou 1,Kougnohou,Micro-finance,Micro-Finance,Utilisé,En activité,Lun–Mar–Mer–Jeu–Ven,5,False,False,True,0.7912245636067079,7.654740048975441,Akébou 1,Akébou,Concordant
_mview_finance_etablissements_banque.fid-7b1c8a4a_1943cbfe119_-4222,SPEC OIC Akpare,ESIKOME,Plateaux,Ogou,Ogou 2,Akparé,Micro-finance,Micro-Finance,Utilisé,En activité,Lun–Mar–Mer–Jeu–Ven,5,False,False,True,1.3224900000000004,7.47279,Ogou 2,Ogou,Concordant
_mview_finance_etablissements_banque.fid-7b1c8a4a_1943cbfe119_-4221,CECAV Avenir de Kouma-adame,Kouma Adame,Plateaux,Kloto,Kloto 3,Kouma,Micro-finance,Micro-Finance,Utilisé,En activité,Lun–Mar–Mer–Jeu–Ven–Sam,6,True,False,True,0.5963683333333334,6.975693333333335,Kloto 3,Kloto,Concordant
_mview_finance_etablissements_banque.fid-7b1c8a4a_1943cbfe119_-4220,CECAV Lavie,Lavié,Plateaux,Kloto,Kloto 2,Lavié-Apédomé,Micro-finance,Micro-Finance,Utilisé,En activité,Lun–Mar–Mer–Jeu–Ven,5,False,False,True,0.6764433333333328,7.010566666666667,Kloto 2,Kloto,Concordant
_mview_finance_etablissements_banque.fid-7b1c8a4a_1943cbfe119_-421f,Mutuelle Rhema,Lomnava,Plateaux,Haho,Haho 4,Wahala,Micro-finance,Micro-Finance,Utilisé,En activité,Mar–Mer–Jeu–Ven–Sam,5,True,False,True,1.1610716666666672,7.175158333333335,Haho 4,Haho,Concordant
_mview_finance_etablissements_banque.fid-7b1c8a4a_1943cbfe119_-421e,CECAV Avenir Tomégbé,Tomegbe,Plateaux,Kloto,Kloto 3,Agomé-Tomégbé,Micro-finance,Micro-Finance,Utilisé,En activité,Mar–Mer–Jeu–Ven–Sam,5,True,False,True,0.558978333333333,6.954286666666668,Kloto 3,Kloto,Concordant
_mview_finance_etablissements_banque.fid-7b1c8a4a_1943cbfe119_-421d,IB Bank Togo,Lom nava,Plateaux,Kloto,Kloto 1,Agome-Kpalime,Banque,Banque,Utilisé,En activité,Lun–Mar–Mer–Jeu–Ven–Sam,6,True,False,True,0.6344800000000004,6.921373333333335,Kloto 1,Kloto,Concordant
_mview_finance_etablissements_banque.fid-7b1c8a4a_1943cbfe119_-421c,Sebaders Kpalime,KPEGOLONOU,Plateaux,Kloto,Kloto 1,Agome-Kpalime,Micro-finance,Micro-Finance,Fermé,Déclaré non opérationnel,Lun–Mar–Mer–Jeu–Ven–Sam,6,True,False,True,0.6208533333333339,6.92102,Kloto 1,Kloto,Concordant
_mview_finance_etablissements_banque.fid-7b1c8a4a_1943cbfe119_-421b,NSIA Banque Cinkanssé,N/a,Savanes,Cinkassé,Cinkassé 1,Cinkassé,Banque,Banque,Néant,Statut non renseigné ou ambigu,Lun–Mar–Mer–Jeu–Ven–Sam,6,True,False,True,0.0175574899999998,11.100690590000001,Cinkassé 1,Cinkassé,Concordant
_mview_finance_etablissements_banque.fid-7b1c8a4a_1943cbfe119_-421a,COOPEC Car-naolou,Agadjame,Plateaux,Haho,Haho 4,Wahala,Micro-finance,Micro-Finance,Utilisé,En activité,Mar–Mer–Jeu–Ven–Sam,5,True,False,True,1.1644350000000003,7.173106666666668,Haho 4,Haho,Concordant
_mview_finance_etablissements_banque.fid-7b1c8a4a_1943cbfe119_-4219,OIC-Togo,Agadjame,Plateaux,Haho,Haho 4,Wahala,Micro-finance,Micro-Finance,Utilisé,En activité,Lun–Mar–Mer–Jeu–Ven,5,False,False,True,1.1656600000000004,7.1726383333333334,Haho 4,Haho,Concordant
_mview_finance_etablissements_banque.fid-7b1c8a4a_1943cbfe119_-4218,FECECAV Zongo,Zongo,Plateaux,Haho,Haho 4,Wahala,Micro-finance,Micro-Finance,Utilisé,En activité,Lun–Mar–Mer–Jeu–Ven,5,False,False,True,1.1654300000000004,7.174356666666667,Haho 4,Haho,Concordant
_mview_finance_etablissements_banque.fid-7b1c8a4a_1943cbfe119_-4217,SOGEMEF Lomnava,LOMNAVA,Plateaux,Kloto,Kloto 1,Agome-Kpalime,Micro-finance,Micro-Finance,Utilisé,En activité,Lun–Mar–Mer–Jeu–Ven–Sam,6,True,False,True,0.6344066666666662,6.921533333333335,Kloto 1,Kloto,Concordant
_mview_finance_etablissements_banque.fid-7b1c8a4a_1943cbfe119_-4216,MGPCC dekawowo,KPEGOLONOU,Plateaux,Kloto,Kloto 1,Agome-Kpalime,Micro-finance,Micro-Finance,En construction,Déclaré non opérationnel,Lun–Mar–Mer–Jeu–Ven–Sam,6,True,False,True,0.6241883333333336,6.918308333333333,Kloto 1,Kloto,Concordant
_mview_finance_etablissements_banque.fid-7b1c8a4a_1943cbfe119_-4215,ECOBANK Fiakomé,FIAKOME,Plateaux,Kloto,Kloto 1,Agome-Kpalime,Banque,Banque,Utilisé,En activité,Lun–Mar–Mer–Jeu–Ven–Sam,6,True,False,True,0.6322545901014416,6.907052322401787,Kloto 1,Kloto,Concordant
_mview_finance_etablissements_banque.fid-7b1c8a4a_1943cbfe119_-4214,COMEC Kpalime,GNIVEME,Plateaux,Kloto,Kloto 1,Agome-Kpalime,Micro-finance,Micro-Finance,Utilisé,En activité,Lun–Mar–Mer–Jeu–Ven–Sam,6,True,False,True,0.6295500191936059,6.913097420603269,Kloto 1,Kloto,Concordant
_mview_finance_etablissements_banque.fid-7b1c8a4a_1943cbfe119_-4213,SUNU Bank Kpalime,Gniveme,Plateaux,Kloto,Kloto 1,Agome-Kpalime,Banque,Banque,Utilisé,En activité,Lun–Mar–Mer–Jeu–Ven–Sam,6,True,False,True,0.6324900000000002,6.912565000000001,Kloto 1,Kloto,Concordant
_mview_finance_etablissements_banque.fid-7b1c8a4a_1943cbfe119_-4212,UTB Kpalime,DÔME,Plateaux,Kloto,Kloto 1,Agome-Kpalime,Banque,Banque,Utilisé,En activité,Lun–Mar–Mer–Jeu–Ven–Sam,6,True,False,True,0.6329866666666665,6.906821666666667,Kloto 1,Kloto,Concordant
_mview_finance_etablissements_banque.fid-7b1c8a4a_1943cbfe119_-4211,ORABANK Cinkanssé,N/a,Savanes,Cinkassé,Cinkassé 1,Cinkassé,Banque,Banque,Utilisé,En activité,Lun–Mar–Mer–Jeu–Ven–Sam,6,True,False,True,0.0215181399999997,11.097366160000002,Cinkassé 1,Cinkassé,Concordant
_mview_finance_etablissements_banque.fid-7b1c8a4a_1943cbfe119_-4210,CECAV Avenir Kpalimé,KPEGOLONOU,Plateaux,Kloto,Kloto 1,Agome-Kpalime,Micro-finance,Micro-Finance,Utilisé,En activité,Lun–Mar–Mer–Jeu–Sam,5,True,False,True,0.6260783333333335,6.915843333333334,Kloto 1,Kloto,Concordant
_mview_finance_etablissements_banque.fid-7b1c8a4a_1943cbfe119_-420f,Pratfig,ADOGBENOU,Plateaux,Anié,Anié 2,Adogbénou,Micro-finance,Micro-Finance,Utilisé,En activité,Lun–Mar–Mer–Jeu–Ven,5,False,False,True,1.4379999999999997,7.738083333333332,Anié 2,Anié,Concordant
_mview_finance_etablissements_banque.fid-7b1c8a4a_1943cbfe119_-420e,SUNU Bank Dapaong,Nassablé,Savanes,Tône,Tône 1,Dapaong,Banque,Banque,Utilisé,En activité,Lun–Mar–Mer–Jeu–Ven–Sam,6,True,False,True,0.1998617881237031,10.883757113904021,Tône 1,Tône,Concordant
_mview_finance_etablissements_banque.fid-7b1c8a4a_1943cbfe119_-420d,COOPEC AD Anié,Anié,Plateaux,Anié,Anié 1,Anié,Micro-finance,Micro-Finance,Utilisé,En activité,Lun–Mar–Mer–Jeu–Ven–Sam,6,True,False,True,1.1936107371233233,7.757592745358773,Anié 1,Anié,Concordant
_mview_finance_etablissements_banque.fid-7b1c8a4a_1943cbfe119_-420c,WAGES Anié,Anié,Plateaux,Anié,Anié 1,Anié,Micro-finance,Micro-Finance,Utilisé,En activité,Lun–Mar–Mer–Jeu–Ven,5,False,False,True,1.1932325754841624,7.757567341404601,Anié 1,Anié,Concordant
_mview_finance_etablissements_banque.fid-7b1c8a4a_1943cbfe119_-420b,COOPEC-SIFA de Languitaba,Quartiers Languitaba,Savanes,Cinkassé,Cinkassé 1,Cinkassé,Micro-finance,Micro-Finance,Utilisé,En activité,Lun–Mar–Mer–Jeu–Ven,5,False,False,True,0.0105469799999997,11.101958180000002,Cinkassé 1,Cinkassé,Concordant
_mview_finance_etablissements_banque.fid-7b1c8a4a_1943cbfe119_-420a,FUCEC Togo Anié,Anié,Plateaux,Anié,Anié 1,Anié,Micro-finance,Micro-Finance,Utilisé,En activité,Lun–Mar–Mer–Jeu–Ven,5,False,False,True,1.193332103953501,7.763439869875062,Anié 1,Anié,Concordant
_mview_finance_etablissements_banque.fid-7b1c8a4a_1943cbfe119_-4209,BTCI Boadé,N/a,Savanes,Cinkassé,Cinkassé 1,Cinkassé,Banque,Banque,Utilisé,En activité,Lun–Mar–Mer–Jeu–Ven–Sam,6,True,False,True,0.0124709,11.110611610000003,Cinkassé 1,Cinkassé,Concordant
_mview_finance_etablissements_banque.fid-7b1c8a4a_1943cbfe119_-4208,Assilassime Solidarité,Anié,Plateaux,Anié,Anié 1,Anié,Micro-finance,Micro-Finance,Utilisé,En activité,Lun–Mar–Mer–Jeu–Ven,5,False,False,True,1.1965858501604414,7.763583676022076,Anié 1,Anié,Concordant
_mview_finance_etablissements_banque.fid-7b1c8a4a_1943cbfe119_-4207,COOPEC AD Kpalimé,Quartier administratif,Plateaux,Kloto,Kloto 1,Agome-Kpalime,Micro-finance,Micro-Finance,Utilisé,En activité,Lun–Mar–Mer–Jeu–Ven–Sam,6,True,False,True,0.63223,6.907803333333335,Kloto 1,Kloto,Concordant
_mview_finance_etablissements_banque.fid-7b1c8a4a_1943cbfe119_-4206,ORABANK Kpalimé,FIAKOME,Plateaux,Kloto,Kloto 1,Agome-Kpalime,Banque,Banque,Utilisé,En activité,Lun–Mar–Mer–Jeu–Ven–Sam,6,True,False,True,0.630046666666667,6.901071666666667,Kloto 1,Kloto,Concordant
_mview_finance_etablissements_banque.fid-7b1c8a4a_1943cbfe119_-4205,COOPEC AD Amou Oblo,AMOU OBLO,Plateaux,Amou,Amou 2,Amou-Oblo,Micro-finance,Micro-Finance,Utilisé,En activité,Lun–Mar–Mer–Jeu–Ven–Sam,6,True,False,True,0.8691766666666654,7.391483333333334,Amou 2,Amou,Concordant
_mview_finance_etablissements_banque.fid-7b1c8a4a_1943cbfe119_-4204,CECAV Fidélité Amou Oblo,AMOU OBLO,Plateaux,Amou,Amou 2,Amou-Oblo,Micro-finance,Micro-Finance,Utilisé,En activité,Lun–Mar–Mer–Jeu–Ven,5,False,False,True,0.8673325963797106,7.3881955507407335,Amou 2,Amou,Concordant
_mview_finance_etablissements_banque.fid-7b1c8a4a_1943cbfe119_-4203,MGPCCdekahoho,AMOU OBLO,Plateaux,Amou,Amou 2,Amou-Oblo,Micro-finance,Micro-Finance,Utilisé,En activité,Lun–Mar–Mer–Jeu–Ven,5,False,False,True,0.8674562996778736,7.387497833011123,Amou 2,Amou,Concordant
_mview_finance_etablissements_banque.fid-7b1c8a4a_1943cbfe119_-4202,COOPEC Enyo Amou Oblo,AMOU OBLO,Plateaux,Amou,Amou 2,Amou-Oblo,Micro-finance,Micro-Finance,Utilisé,En activité,Lun–Mar–Mer–Jeu–Ven,5,False,False,True,0.8678445988708431,7.388261736790542,Amou 2,Amou,Concordant
_mview_finance_etablissements_banque.fid-7b1c8a4a_1943cbfe119_-4201,UTB Tetsefi,Tetsefi,Plateaux,Kpélé,Kpélé 1,Kpélé-Novivé,Banque,Banque,Utilisé,En activité,Lun–Mer–Sam,3,True,False,True,0.7313316666666667,7.132041666666668,Kpélé 1,Kpélé,Concordant
_mview_finance_etablissements_banque.fid-7b1c8a4a_1943cbfe119_-4200,FECECAV Wetsi,Wetsi,Plateaux,Kpélé,Kpélé 1,Kpélé-Novivé,Micro-finance,Micro-Finance,Utilisé,En activité,Lun–Mar–Mer–Jeu–Ven,5,False,False,True,0.7288883333333331,7.128491666666668,Kpélé 1,Kpélé,Concordant
_mview_finance_etablissements_banque.fid-7b1c8a4a_1943cbfe119_-41ff,Guichet de Sam-naba,Sam-naba,Savanes,Cinkassé,Cinkassé 2,Sam-Naba,Micro-finance,Micro-Finance,Utilisé,En activité,Lun–Mar–Mer–Jeu–Ven,5,False,False,True,0.1642396099999996,11.06710248,Cinkassé 2,Cinkassé,Concordant
_mview_finance_etablissements_banque.fid-7b1c8a4a_1943cbfe119_-41fe,COOPEC Enyo Tsèfi,TSEFI,Plateaux,Kpélé,Kpélé 1,Kpélé-Novivé,Micro-finance,Micro-Finance,Utilisé,En activité,Lun–Mar–Mer–Jeu–Ven–Sam,6,True,False,True,0.7316583333333334,7.133195000000001,Kpélé 1,Kpélé,Concordant
_mview_finance_etablissements_banque.fid-7b1c8a4a_1943cbfe119_-41fd,FECECAV Hassoupe,HASSOUPE,Plateaux,Kpélé,Kpélé 2,Kpélé-Centre,Micro-finance,Micro-Finance,Utilisé,En activité,Lun–Mar–Mer–Jeu–Ven,5,False,False,True,0.7475083333333336,7.17226,Kpélé 2,Kpélé,Concordant
_mview_finance_etablissements_banque.fid-7b1c8a4a_1943cbfe119_-41fc,COOPEC Enyo,N/a,Plateaux,Kpélé,Kpélé 2,Kpélé-Nord,Micro-finance,Micro-Finance,Utilisé,En activité,Lun–Mar–Mer–Jeu–Ven,5,False,False,True,0.8031066666666669,7.282006666666665,Kpélé 2,Kpélé,Concordant
_mview_finance_etablissements_banque.fid-7b1c8a4a_1943cbfe119_-41fb,Cooperative Mesona,KPOTAME,Plateaux,Kpélé,Kpélé 1,Kpélé-Novivé,Micro-finance,Micro-Finance,Utilisé,En activité,Lun–Mar–Mer–Jeu–Ven,5,False,False,True,0.7301266666666666,7.137988333333334,Kpélé 1,Kpélé,Concordant
_mview_finance_etablissements_banque.fid-7b1c8a4a_1943cbfe119_-41fa,FECECAV-fidelité,BOYIVE,Plateaux,Kpélé,Kpélé 2,Kpélé-Nord,Micro-finance,Micro-Finance,Utilisé,En activité,Lun–Mar–Mer–Jeu–Ven,5,False,False,True,0.8006499999999998,7.2767283333333355,Kpélé 2,Kpélé,Concordant
_mview_finance_etablissements_banque.fid-7b1c8a4a_1943cbfe119_-41f9,FECECAV Agence Notsé,KRATI,Plateaux,Haho,Haho 1,Notsé,Micro-finance,Micro-Finance,Utilisé,En activité,Lun–Mar–Mer–Jeu–Ven,5,False,False,True,1.1651450400374397,6.949459361971194,Haho 1,Haho,Concordant
_mview_finance_etablissements_banque.fid-7b1c8a4a_1943cbfe119_-41f8,URCLEC Agence Notsé,ZONGO,Plateaux,Haho,Haho 1,Notsé,Micro-finance,Micro-Finance,Utilisé,En activité,Mar–Mer–Jeu–Ven–Sam,5,True,False,True,1.1688116325320417,6.9510914510404636,Haho 1,Haho,Concordant
_mview_finance_etablissements_banque.fid-7b1c8a4a_1943cbfe119_-41f7,SPEC OIC-Togo Tegbe,TEGBE,Plateaux,Haho,Haho 1,Notsé,Micro-finance,Micro-Finance,Utilisé,En activité,Lun–Mar–Mer–Jeu–Ven,5,False,False,True,1.1701359999999998,6.9541608,Haho 1,Haho,Concordant
_mview_finance_etablissements_banque.fid-7b1c8a4a_1943cbfe119_-41f6,COOPEC AD Notsé,TEGBE,Plateaux,Haho,Haho 1,Notsé,Micro-finance,Micro-Finance,Utilisé,En activité,Lun–Mar–Mer–Jeu–Ven–Sam,6,True,False,True,1.1718650000000002,6.953368333333333,Haho 1,Haho,Concordant
_mview_finance_etablissements_banque.fid-7b1c8a4a_1943cbfe119_-41f5,FUCEC Togo Adimé,Adimé,Plateaux,Haho,Haho 1,Notsé,Micro-finance,Micro-Finance,Utilisé,En activité,Lun–Mar–Mer–Jeu–Ven–Sam,6,True,False,True,1.171155421737449,6.948462559553073,Haho 1,Haho,Concordant
_mview_finance_etablissements_banque.fid-7b1c8a4a_1943cbfe119_-41f4,WAGES Notse,Adémi,Plateaux,Haho,Haho 1,Notsé,Micro-finance,Micro-Finance,Utilisé,En activité,Mar–Mer–Jeu–Ven–Sam,5,True,False,True,1.168901666666667,6.948368333333334,Haho 1,Haho,Concordant
_mview_finance_etablissements_banque.fid-7b1c8a4a_1943cbfe119_-41f3,COECEPT Notsé,TAKO,Plateaux,Haho,Haho 1,Notsé,Micro-finance,Micro-Finance,Utilisé,En activité,Lun–Mar–Mer–Jeu–Ven–Sam,6,True,False,True,1.1749033333333327,6.947393333333336,Haho 1,Haho,Concordant
_mview_finance_etablissements_banque.fid-7b1c8a4a_1943cbfe119_-41f2,FINAM Notsé,EKLI,Plateaux,Haho,Haho 1,Notsé,Micro-finance,Micro-Finance,Utilisé,En activité,Lun–Mar–Mer–Jeu–Ven–Sam,6,True,False,True,1.1749511807831785,6.946986161674564,Haho 1,Haho,Concordant
_mview_finance_etablissements_banque.fid-7b1c8a4a_1943cbfe119_-41f1,CERCIF Notsé,EKLI,Plateaux,Haho,Haho 1,Notsé,Micro-finance,Micro-Finance,Utilisé,En activité,Lun–Mar–Mer–Jeu–Ven–Sam,6,True,False,True,1.1749316999999997,6.9468440000000005,Haho 1,Haho,Concordant
_mview_finance_etablissements_banque.fid-7b1c8a4a_1943cbfe119_-41f0,CECAV Fidelite Bodzé,BODZE,Plateaux,Kpélé,Kpélé 1,Kpélé-Novivé,Micro-finance,Micro-Finance,Utilisé,En activité,Lun–Mar–Mer–Jeu–Ven,5,False,False,True,0.9104516666666671,7.089731666666668,Kpélé 1,Kpélé,Concordant
_mview_finance_etablissements_banque.fid-7b1c8a4a_1943cbfe119_-41ef,Rhema Notsé,Adémi,Plateaux,Haho,Haho 1,Notsé,Micro-finance,Micro-Finance,Utilisé,En activité,Lun–Mar–Mer–Jeu–Ven,5,False,False,True,1.1699939278389604,6.948540992536163,Haho 1,Haho,Concordant
_mview_finance_etablissements_banque.fid-7b1c8a4a_1943cbfe119_-41ee,UTB Notse,ALINOU,Plateaux,Haho,Haho 1,Notsé,Banque,Banque,Utilisé,En activité,Lun–Mar–Mer–Jeu–Ven–Sam,6,True,False,True,1.1734483333333336,6.943955000000002,Haho 1,Haho,Concordant
_mview_finance_etablissements_banque.fid-7b1c8a4a_1943cbfe119_-41ed,ORABANK Notse,Adimé,Plateaux,Haho,Haho 1,Notsé,Banque,Banque,Utilisé,En activité,Lun–Mar–Mer–Jeu–Ven–Sam,6,True,False,True,1.1676276,6.948660100000001,Haho 1,Haho,Concordant
_mview_finance_etablissements_banque.fid-7b1c8a4a_1943cbfe119_-41ec,SUNU Bank Notse,Adimé,Plateaux,Haho,Haho 1,Notsé,Banque,Banque,Utilisé,En activité,Lun–Mar–Mer–Jeu–Ven–Sam,6,True,False,True,1.1687949999999998,6.9491683333333345,Haho 1,Haho,Concordant
_mview_finance_etablissements_banque.fid-7b1c8a4a_1943cbfe119_-41eb,SPEC OIC Togo Hahomegbé,HAHOMEGBE,Plateaux,Haho,Haho 1,Hahomégbé,Micro-finance,Micro-Finance,Utilisé,En activité,Lun–Mar–Mer–Jeu–Ven,5,False,False,True,1.0268816666666667,6.932486666666667,Haho 1,Haho,Concordant
_mview_finance_etablissements_banque.fid-7b1c8a4a_1943cbfe119_-41ea,SUNU Bank Anié,ANIÉ,Plateaux,Anié,Anié 1,Anié,Banque,Banque,Utilisé,En activité,Lun–Mar–Mer–Jeu–Ven–Sam,6,True,False,True,1.1915248999999997,7.8081806999999985,Anié 1,Anié,Concordant
_mview_finance_etablissements_banque.fid-7b1c8a4a_1943cbfe119_-41e9,Banque Atlantique Kpegui,KPEGUI,Savanes,Tône,Tône 1,Dapaong,Banque,Banque,Utilisé,En activité,Lun–Mar–Mer–Jeu–Ven–Sam,6,True,False,True,0.2030324431546941,10.865528234473325,Tône 1,Tône,Concordant
_mview_finance_etablissements_banque.fid-7b1c8a4a_1943cbfe119_-41e8,Banque Atlantique Anié,Anié,Plateaux,Anié,Anié 1,Anié,Banque,Banque,Utilisé,En activité,Lun–Mar–Mer–Jeu–Ven–Sam,6,True,False,True,1.1926816666666664,7.7648649999999995,Anié 1,Anié,Concordant
_mview_finance_etablissements_banque.fid-7b1c8a4a_1943cbfe119_-41e7,ORABANK Anié,ANIÉ,Plateaux,Anié,Anié 1,Anié,Banque,Banque,Utilisé,En activité,Lun–Mar–Mer–Jeu–Ven–Sam,6,True,False,True,1.1930026989018407,7.758835267901578,Anié 1,Anié,Concordant
_mview_finance_etablissements_banque.fid-7b1c8a4a_1943cbfe119_-41e6,COOPEC CFAE,AVETONOU,Plateaux,Agou,Agou 1,Gadja,Micro-finance,Micro-Finance,Utilisé,En activité,Lun–Mar–Mer–Ven,4,False,False,True,0.7965183333333329,6.795211666666668,Agou 1,Agou,Concordant
_mview_finance_etablissements_banque.fid-7b1c8a4a_1943cbfe119_-41e5,SPT Atakpame,Houdou,Plateaux,Ogou,Ogou 1,Djama,Banque,Banque,Utilisé,En activité,Lun–Mar–Mer–Jeu–Ven–Sam,6,True,False,True,1.12474,7.532605000000001,Ogou 1,Ogou,Concordant
_mview_finance_etablissements_banque.fid-7b1c8a4a_1943cbfe119_-41e4,CECAV Espoir Avetonou,Avetonou,Plateaux,Agou,Agou 1,Gadja,Micro-finance,Micro-Finance,Utilisé,En activité,Lun–Mar–Mer–Jeu–Ven,5,False,False,True,0.7953296771609297,6.796030968158773,Agou 1,Agou,Concordant
_mview_finance_etablissements_banque.fid-7b1c8a4a_1943cbfe119_-41e3,UTB Anié,ANIÉ,Plateaux,Anié,Anié 1,Anié,Banque,Banque,Utilisé,En activité,Lun–Mar–Mer–Jeu–Ven–Sam,6,True,False,True,1.1934103312774544,7.761812427428099,Anié 1,Anié,Concordant
_mview_finance_etablissements_banque.fid-7b1c8a4a_1943cbfe119_-41e2,COOPEC AD Asrama,ASRAMA,Plateaux,Haho,Haho 2,Asrama,Micro-finance,Micro-Finance,Utilisé,En activité,Lun–Mar–Mer–Jeu–Ven–Sam,6,True,False,True,1.4059283333333334,7.0033416666666675,Haho 2,Haho,Concordant
_mview_finance_etablissements_banque.fid-7b1c8a4a_1943cbfe119_-41e1,SPEC OIC Asrama,ASRAMA,Plateaux,Haho,Haho 2,Asrama,Micro-finance,Micro-Finance,Utilisé,En activité,Lun–Mar–Mer–Jeu–Ven,5,False,False,True,1.4036507776243607,7.003005570374716,Haho 2,Haho,Concordant
_mview_finance_etablissements_banque.fid-7b1c8a4a_1943cbfe119_-41e0,CECAV Espoir de Kati,Kati,Plateaux,Agou,Agou 1,Kati,Micro-finance,Micro-Finance,Utilisé,En activité,Lun–Mar–Mer–Jeu–Ven,5,False,False,True,0.8490130357511639,6.8905222229580225,Agou 1,Agou,Concordant
_mview_finance_etablissements_banque.fid-7b1c8a4a_1943cbfe119_-41df,Service Assurance COOPEC Novissi,Lomnava,Plateaux,Ogou,Ogou 1,Gnagna,Assurance,Assurance,Utilisé,En activité,Lun–Mar–Mer–Jeu–Ven–Sam,6,True,False,True,1.1287753059012569,7.524260224227986,Ogou 1,Ogou,Concordant
_mview_finance_etablissements_banque.fid-7b1c8a4a_1943cbfe119_-41de,COOPEC Novissi de Lomnava,LOMNAVA,Plateaux,Ogou,Ogou 1,Gnagna,Micro-finance,Micro-Finance,Utilisé,En activité,Lun–Mar–Mer–Jeu–Ven–Sam,6,True,False,True,1.1287549000000001,7.524368600000002,Ogou 1,Ogou,Concordant
_mview_finance_etablissements_banque.fid-7b1c8a4a_1943cbfe119_-41dd,SPT Agbonou,AGNONOU,Plateaux,Ogou,Ogou 1,Djama,Banque,Banque,Utilisé,En activité,Lun–Mar–Mer–Jeu–Ven–Sam,6,True,False,True,1.1484566666666665,7.524389999999999,Ogou 1,Ogou,Concordant
_mview_finance_etablissements_banque.fid-7b1c8a4a_1943cbfe119_-41dc,GTA Assurance Notse,Barrière,Plateaux,Haho,Haho 1,Notsé,Assurance,Assurance,Utilisé,En activité,Lun–Mar–Mer–Jeu–Ven,5,False,False,True,1.1749534433657798,6.947048089431642,Haho 1,Haho,Concordant
_mview_finance_etablissements_banque.fid-7b1c8a4a_1943cbfe119_-41db,COOPEC Ilema d'Assigamé,Anie Assigame,Plateaux,Anié,Anié 1,Anié,Micro-finance,Micro-Finance,Utilisé,En activité,Lun–Mar–Mer–Jeu–Ven–Sam,6,True,False,True,1.1935250000000002,7.76074,Anié 1,Anié,Concordant
_mview_finance_etablissements_banque.fid-7b1c8a4a_1943cbfe119_-41da,Caisse Nationale de Securite Sociale,LYATA,Plateaux,Ogou,Ogou 1,Gnagna,Assurance,Assurance,Néant,Statut non renseigné ou ambigu,Lun–Mar–Mer–Jeu–Ven,5,False,False,True,1.1415722913769988,7.51965637808875,Ogou 1,Ogou,Concordant
_mview_finance_etablissements_banque.fid-7b1c8a4a_1943cbfe119_-41d9,Fidelia Assurance Agbonou,AGBONOU,Plateaux,Ogou,Ogou 1,Djama,Assurance,Assurance,Néant,Statut non renseigné ou ambigu,Lun–Mar–Mer–Jeu–Ven,5,False,False,True,1.1468943102929445,7.518359694599524,Ogou 1,Ogou,Concordant
_mview_finance_etablissements_banque.fid-7b1c8a4a_1943cbfe119_-41d8,Institut Nationale d'Assurance Maladie,AGBO KPOTA,Plateaux,Ogou,Ogou 1,Djama,Assurance,Assurance,Néant,Statut non renseigné ou ambigu,Lun–Mar–Mer–Jeu–Ven,5,False,False,True,1.151416666666666,7.513229999999998,Ogou 1,Ogou,Concordant
_mview_finance_etablissements_banque.fid-7b1c8a4a_1943cbfe119_-41d7,Sanlam Agbonou,AGBONOU SAHELIEN,Plateaux,Ogou,Ogou 1,Djama,Assurance,Assurance,Fermé,Déclaré non opérationnel,Lun–Mar–Mer–Jeu–Ven,5,False,False,True,1.149323067362252,7.5257780389371325,Ogou 1,Ogou,Concordant
_mview_finance_etablissements_banque.fid-7b1c8a4a_1943cbfe119_-41d6,BIA Togo Togo,DJAMA,Plateaux,Ogou,Ogou 1,Djama,Banque,Banque,Utilisé,En activité,Lun–Mar–Mer–Jeu–Ven,5,False,False,True,1.1218516666666662,7.533131666666667,Ogou 1,Ogou,Concordant
_mview_finance_etablissements_banque.fid-7b1c8a4a_1943cbfe119_-41d5,ECOBANK Houdou,Houdou,Plateaux,Ogou,Ogou 1,Gnagna,Banque,Banque,Utilisé,En activité,Lun–Mar–Mer–Jeu–Ven–Sam,6,True,False,True,1.1227834137892039,7.531569190933304,Ogou 1,Ogou,Concordant
_mview_finance_etablissements_banque.fid-7b1c8a4a_1943cbfe119_-41d4,Banque Atlantique Houdou,Houdou,Plateaux,Ogou,Ogou 1,Gnagna,Banque,Banque,Utilisé,En activité,Lun–Mar–Mer–Jeu–Ven–Sam,6,True,False,True,1.122133072085735,7.531833642145605,Ogou 1,Ogou,Concordant
_mview_finance_etablissements_banque.fid-7b1c8a4a_1943cbfe119_-41d3,Microfinance dekawowo,Houdou,Plateaux,Ogou,Ogou 1,Gnagna,Micro-finance,Micro-Finance,Utilisé,En activité,Lun–Mar–Mer–Jeu–Ven,5,False,False,True,1.1239283333333339,7.5302016666666685,Ogou 1,Ogou,Concordant
_mview_finance_etablissements_banque.fid-7b1c8a4a_1943cbfe119_-41d2,NSIA Assurance Gnagna,GNAGNA,Plateaux,Ogou,Ogou 1,Gnagna,Assurance,Assurance,Utilisé,En activité,Lun–Mar–Mer–Jeu–Ven,5,False,False,True,1.1410133333333339,7.519018333333334,Ogou 1,Ogou,Concordant
_mview_finance_etablissements_banque.fid-7b1c8a4a_1943cbfe119_-41d1,SUNU Bank Gnagna,GNAGNA,Plateaux,Ogou,Ogou 1,Gnagna,Banque,Banque,Utilisé,En activité,Lun–Mar–Mer,3,False,False,True,1.1384451429458882,7.5224278731571905,Ogou 1,Ogou,Concordant
_mview_finance_etablissements_banque.fid-7b1c8a4a_1943cbfe119_-41d0,Trésorerie d'Amlame,AMLAME,Plateaux,Amou,Amou 1,Amlamé (Ouma),Micro-finance,Micro-Finance,Utilisé,En activité,Lun–Mar–Mer–Jeu–Ven,5,False,False,True,0.9061001291161919,7.469144656473354,Amou 1,Amou,Concordant
_mview_finance_etablissements_banque.fid-7b1c8a4a_1943cbfe119_-41cf,FECECAV Duamenyo Elavanyo,ELAVANYO,Plateaux,Danyi,Danyi 2,Danyi-Elavagnon,Micro-finance,Micro-Finance,Utilisé,En activité,Lun–Mar–Mer–Jeu–Ven–Sam,6,True,False,True,0.7055416666666667,7.2816116666666675,Danyi 1 + Danyi 2,Danyi,Concordant
_mview_finance_etablissements_banque.fid-7b1c8a4a_1943cbfe119_-41ce,UMECTO Papri,PAPRI,Savanes,Kpendjal-Ouest,Kpendjal-Ouest 2,Papri,Micro-finance,Micro-Finance,Utilisé,En activité,Lun–Mar–Mer–Jeu–Ven,5,False,False,True,0.423813333333333,10.992986666666667,Kpendjal-Ouest 2,Kpendjal-Ouest,Concordant
_mview_finance_etablissements_banque.fid-7b1c8a4a_1943cbfe119_-41cd,FUCEC Togo Namondjoga,NAMOUDJOGA,Savanes,Kpendjal-Ouest,Kpendjal-Ouest 2,Namoundjoga,Micro-finance,Micro-Finance,Fermé,Déclaré non opérationnel,Lun–Mar–Mer–Jeu–Ven–Sam,6,True,False,True,0.3939783333333329,10.893786666666667,Kpendjal-Ouest 2,Kpendjal-Ouest,Concordant
_mview_finance_etablissements_banque.fid-7b1c8a4a_1943cbfe119_-41cc,COOPEC SIFA de Nano,NANO CENTRE,Savanes,Tandjoaré,Tandjoaré 2,Nano,Micro-finance,Micro-Finance,Utilisé,En activité,Lun–Mar–Mer–Jeu–Ven–Sam–Dim,7,True,True,True,0.1084326897437387,10.705816546858273,Tandjoaré 2,Tandjoaré,Concordant
_mview_finance_etablissements_banque.fid-7b1c8a4a_1943cbfe119_-41cb,CMECS Sikbaog,SIKBAOG,Savanes,Tandjoaré,Tandjoaré 2,Doukpergou,Micro-finance,Micro-Finance,Utilisé,En activité,Lun–Mar–Mer–Jeu–Ven,5,False,False,True,0.0835583333333327,10.638938333333334,Tandjoaré 2,Tandjoaré,Concordant
_mview_finance_etablissements_banque.fid-7b1c8a4a_1943cbfe119_-41ca,SPT Kando,KANDO CENTRE,Savanes,Oti-Sud,Oti-Sud 1,Gando,Banque,Banque,Utilisé,En activité,Lun–Mar–Mer–Jeu–Ven–Sam,6,True,False,True,0.7425432377008774,10.326937118346466,Oti-Sud 1,Oti-Sud,Concordant
_mview_finance_etablissements_banque.fid-7b1c8a4a_1943cbfe119_-41c9,COOPEC Nataan Agence de Nano,NANO,Savanes,Tandjoaré,Tandjoaré 2,Nano,Micro-finance,Micro-Finance,Utilisé,En activité,Lun–Mar–Mer–Jeu–Ven–Dim,6,False,True,True,0.1132467112871075,10.701393226030408,Tandjoaré 2,Tandjoaré,Concordant
_mview_finance_etablissements_banque.fid-7b1c8a4a_1943cbfe119_-41c8,Amis Financer des Pauvres,NANO,Savanes,Tandjoaré,Tandjoaré 2,Nano,Micro-finance,Micro-Finance,Utilisé,En activité,Lun–Mar–Mer–Jeu–Dim,5,False,True,True,0.1106811769479809,10.702305254359022,Tandjoaré 2,Tandjoaré,Concordant
_mview_finance_etablissements_banque.fid-7b1c8a4a_1943cbfe119_-41c7,COOPEC Lumiere Mango,MANGO,Savanes,Oti,Oti 1,Mango,Micro-finance,Micro-Finance,Utilisé,En activité,Lun–Mar–Mer–Jeu–Ven–Sam,6,True,False,True,0.4689195499524681,10.351599742699463,Oti 1,Oti,Concordant
_mview_finance_etablissements_banque.fid-7b1c8a4a_1943cbfe119_-41c6,CEMEC Cinkanssé,Quartier  Nazemssé,Savanes,Cinkassé,Cinkassé 1,Cinkassé,Micro-finance,Micro-Finance,Utilisé,En activité,Lun–Mar–Mer–Jeu–Ven,5,False,False,True,0.02932876,11.096675949999998,Cinkassé 1,Cinkassé,Concordant
_mview_finance_etablissements_banque.fid-7b1c8a4a_1943cbfe119_-41c5,La Caisse Mutuelle d'epargne et de Credit de LoTogou,LOTOGOU CENTRE,Savanes,Tône,Tône 3,Lotogou,Micro-finance,Micro-Finance,Utilisé,En activité,Lun–Mar–Mer–Jeu–Dim,5,False,True,True,0.025030935448983,10.798298552289147,Tône 3,Tône,Concordant
_mview_finance_etablissements_banque.fid-7b1c8a4a_1943cbfe119_-41c4,V.I.Z.A- Togo,Quartier Nazemssé,Savanes,Cinkassé,Cinkassé 1,Cinkassé,Micro-finance,Micro-Finance,Utilisé,En activité,Lun–Mar–Mer–Jeu–Ven–Sam–Dim,7,True,True,True,0.025253169999999,11.0961158,Cinkassé 1,Cinkassé,Concordant
_mview_finance_etablissements_banque.fid-7b1c8a4a_1943cbfe119_-41c3,COOPEC Lando,Ville Cinkanssé,Savanes,Cinkassé,Cinkassé 1,Cinkassé,Micro-finance,Micro-Finance,Utilisé,En activité,Lun–Mar–Mer–Jeu–Ven–Sam,6,True,False,True,0.0211470599999989,11.09717948,Cinkassé 1,Cinkassé,Concordant
_mview_finance_etablissements_banque.fid-7b1c8a4a_1943cbfe119_-41c2,COOPEC SIFA de Naki Est Centre,NAKI EST CENTRE,Savanes,Kpendjal-Ouest,Kpendjal-Ouest 1,Naki-Est,Micro-finance,Micro-Finance,Utilisé,En activité,Lun–Mar–Mer–Jeu–Ven,5,False,False,True,0.3846333333333324,10.729888333333337,Kpendjal-Ouest 1,Kpendjal-Ouest,Concordant
_mview_finance_etablissements_banque.fid-7b1c8a4a_1943cbfe119_-41c1,ORABANK Mango,N/a,Savanes,Oti,Oti 1,Mango,Banque,Banque,Utilisé,En activité,Lun–Mar–Mer–Jeu–Ven–Sam,6,True,False,True,0.4754733333333329,10.35716333333333,Oti 1,Oti,Concordant
_mview_finance_etablissements_banque.fid-7b1c8a4a_1943cbfe119_-41c0,FUCEC Togo Barkoissi,BORKOISSI,Savanes,Oti,Oti 2,Barkoissi,Micro-finance,Micro-Finance,Autre,Statut non renseigné ou ambigu,Lun–Mar–Mer–Jeu–Ven–Sam,6,True,False,True,0.3019366666666656,10.558060000000005,Oti 2,Oti,Concordant
_mview_finance_etablissements_banque.fid-7b1c8a4a_1943cbfe119_-41bf,COOPEC SIFA Mango,MANGO,Savanes,Oti,Oti 1,Mango,Micro-finance,Micro-Finance,Utilisé,En activité,Lun–Mar–Mer–Jeu–Ven–Sam,6,True,False,True,0.4693016666666665,10.348063333333334,Oti 1,Oti,Concordant
_mview_finance_etablissements_banque.fid-7b1c8a4a_1943cbfe119_-41be,UTB Mango,MANGO,Savanes,Oti,Oti 1,Mango,Banque,Banque,Utilisé,En activité,Lun–Mar–Mer–Jeu–Ven–Sam–Dim,7,True,True,True,0.4693666666666666,10.352395000000001,Oti 1,Oti,Concordant
_mview_finance_etablissements_banque.fid-7b1c8a4a_1943cbfe119_-41bd,COOPEC SIFA Barkoissi,BARKOISSI,Savanes,Oti,Oti 2,Barkoissi,Micro-finance,Micro-Finance,Utilisé,En activité,Lun–Mar–Mer–Jeu–Ven,5,False,False,True,0.3054883333333328,10.557075000000003,Oti 2,Oti,Concordant
_mview_finance_etablissements_banque.fid-7b1c8a4a_1943cbfe119_-41bc,U-CMECS Lantodim,BARKOISSI,Savanes,Oti,Oti 2,Barkoissi,Micro-finance,Micro-Finance,Utilisé,En activité,Lun–Mar–Mer–Jeu–Ven,5,False,False,True,0.3032583333333335,10.55560333333333,Oti 2,Oti,Concordant
_mview_finance_etablissements_banque.fid-7b1c8a4a_1943cbfe119_-41bb,U-CMECS (union des Caisses Mutuelles D'epargne et de Crédit des Savanes),TAMBONGA,Savanes,Kpendjal-Ouest,Kpendjal-Ouest 2,Papri,Micro-finance,Micro-Finance,Utilisé,En activité,Lun–Mar–Mer–Jeu–Ven,5,False,False,True,0.4357950202027965,10.953968223424951,Kpendjal-Ouest 2,Kpendjal-Ouest,Concordant
_mview_finance_etablissements_banque.fid-7b1c8a4a_1943cbfe119_-41ba,Banque Atlantique Quartier Samango,Quartier samango,Savanes,Cinkassé,Cinkassé 1,Cinkassé,Banque,Banque,Utilisé,En activité,Lun–Mar–Mer–Jeu–Sam–Dim,6,True,True,True,0.016539589999999,11.102568520000004,Cinkassé 1,Cinkassé,Concordant
_mview_finance_etablissements_banque.fid-7b1c8a4a_1943cbfe119_-41b9,ECOBANK Cinkanssé,Quartier samango,Savanes,Cinkassé,Cinkassé 1,Cinkassé,Banque,Banque,Néant,Statut non renseigné ou ambigu,Lun–Mar–Mer–Jeu–Ven–Sam,6,True,False,True,0.0162530099999996,11.10216061,Cinkassé 1,Cinkassé,Concordant
_mview_finance_etablissements_banque.fid-7b1c8a4a_1943cbfe119_-41b8,CORIS Bank Cinkanssé,Cinkanssé,Savanes,Cinkassé,Cinkassé 1,Cinkassé,Banque,Banque,Utilisé,En activité,Lun–Mar–Mer–Jeu–Ven–Sam–Dim,7,True,True,True,0.0227043699999995,11.097053140000002,Cinkassé 1,Cinkassé,Concordant
_mview_finance_etablissements_banque.fid-7b1c8a4a_1943cbfe119_-41b7,BOA Cinkanssé,Cinkanssé,Savanes,Cinkassé,Cinkassé 1,Cinkassé,Banque,Banque,Utilisé,En activité,Lun–Mar–Mer–Jeu–Ven–Sam,6,True,False,True,0.025987670000001,11.096349140000003,Cinkassé 1,Cinkassé,Concordant
_mview_finance_etablissements_banque.fid-7b1c8a4a_1943cbfe119_-41b6,V.I.Z.A- Togo Natinga,Quartier natinga,Savanes,Cinkassé,Cinkassé 2,Timbou,Micro-finance,Micro-Finance,Utilisé,En activité,Lun–Mar–Mer–Jeu–Ven–Sam,6,True,False,True,0.1164212700000001,11.03596488,Cinkassé 2,Cinkassé,Concordant
_mview_finance_etablissements_banque.fid-7b1c8a4a_1943cbfe119_-41b5,SPT Bombouaka,BOMBOUAKA,Savanes,Tandjoaré,Tandjoaré 1,Bombouaka,Banque,Banque,Utilisé,En activité,Lun–Mar–Mer–Jeu–Ven–Sam,6,True,False,True,0.2076119019961916,10.699540591129125,Tandjoaré 1,Tandjoaré,Concordant
_mview_finance_etablissements_banque.fid-7b1c8a4a_1943cbfe119_-41b4,UMECTO Bombouaka,BOMBOUAKA,Savanes,Tandjoaré,Tandjoaré 1,Bombouaka,Micro-finance,Micro-Finance,Néant,Statut non renseigné ou ambigu,Lun–Mar–Mer–Jeu–Ven,5,False,False,True,0.2081018484449186,10.700130500325534,Tandjoaré 1,Tandjoaré,Concordant
_mview_finance_etablissements_banque.fid-7b1c8a4a_1943cbfe119_-41b3,U-CMECS Tamou,TAMOU,Savanes,Tandjoaré,Tandjoaré 1,Tamongue,Micro-finance,Micro-Finance,Néant,Statut non renseigné ou ambigu,Lun–Mar–Mer–Jeu–Ven–Sam,6,True,False,True,0.1747299999999998,10.596316666666667,Tandjoaré 1,Tandjoaré,Concordant
_mview_finance_etablissements_banque.fid-7b1c8a4a_1943cbfe119_-41b2,ORABANK Nassablé,NASSABLE,Savanes,Tône,Tône 1,Dapaong,Banque,Banque,Utilisé,En activité,Lun–Mar–Mer–Jeu–Ven–Sam,6,True,False,True,0.2003816666666658,10.877000000000002,Tône 1,Tône,Concordant
_mview_finance_etablissements_banque.fid-7b1c8a4a_1943cbfe119_-41b1,Microfinance U-CMECS,KOMBONLOAGA,Savanes,Tône,Tône 1,Dapaong,Micro-finance,Micro-Finance,Utilisé,En activité,Lun–Mar–Mer–Jeu–Ven–Sam,6,True,False,True,0.1967783333333335,10.875438333333332,Tône 1,Tône,Concordant
_mview_finance_etablissements_banque.fid-7b1c8a4a_1943cbfe119_-41b0,Incha Allah Finance,KOMBONLOAGA,Savanes,Tône,Tône 1,Dapaong,Micro-finance,Micro-Finance,Location,Statut non renseigné ou ambigu,Mar–Mer–Jeu–Ven–Sam,5,True,False,True,0.1986583333333329,10.870201666666667,Tône 1,Tône,Concordant
_mview_finance_etablissements_banque.fid-7b1c8a4a_1943cbfe119_-41af,Microfinance AFP,KPEGUI,Savanes,Tône,Tône 1,Dapaong,Micro-finance,Micro-Finance,Utilisé,En activité,Lun–Mar–Mer–Jeu–Ven–Sam,6,True,False,True,0.2015649999999997,10.869738333333332,Tône 1,Tône,Concordant
_mview_finance_etablissements_banque.fid-7b1c8a4a_1943cbfe119_-41ae,Direction COOPEC- SIFA,KOMBONLOAGA,Savanes,Tône,Tône 1,Dapaong,Micro-finance,Micro-Finance,Utilisé,En activité,Lun–Mar–Mer–Jeu–Ven–Sam,6,True,False,True,0.1999166666666664,10.865344999999998,Tône 1,Tône,Concordant
_mview_finance_etablissements_banque.fid-7b1c8a4a_1943cbfe119_-41ad,UMECTO Napiengue,NAPIENGUE,Savanes,Tône,Tône 1,Dapaong,Micro-finance,Micro-Finance,Utilisé,En activité,Lun–Mar–Mer–Jeu–Ven–Sam,6,True,False,True,0.2034566666666671,10.86282,Tône 1,Tône,Concordant
_mview_finance_etablissements_banque.fid-7b1c8a4a_1943cbfe119_-41ac,U-CMECS Sagbiebou,SAGBIEBOU 1,Savanes,Oti-Sud,Oti-Sud 1,Sagbiebou,Micro-finance,Micro-Finance,Utilisé,En activité,Lun–Mar–Mer–Jeu–Ven–Sam,6,True,False,True,0.6451099999999996,10.245945,Oti-Sud 1,Oti-Sud,Concordant
_mview_finance_etablissements_banque.fid-7b1c8a4a_1943cbfe119_-41ab,FUCEC Togo -Togo (COOPEC Lumière Agence Kando ),Kando,Savanes,Oti-Sud,Oti-Sud 1,Gando,Micro-finance,Micro-Finance,Utilisé,En activité,Mar–Mer–Jeu–Ven–Sam,5,True,False,True,0.7450254614202725,10.33152337118989,Oti-Sud 1,Oti-Sud,Concordant
_mview_finance_etablissements_banque.fid-7b1c8a4a_1943cbfe119_-41aa,COOPEC SIFA Gando Centre,GANDO CENTRE,Savanes,Oti-Sud,Oti-Sud 1,Gando,Micro-finance,Micro-Finance,Utilisé,En activité,Mar–Mer–Jeu–Ven–Sam,5,True,False,True,0.7483766666666668,10.333923333333335,Oti-Sud 1,Oti-Sud,Concordant
_mview_finance_etablissements_banque.fid-7b1c8a4a_1943cbfe119_-41a9,FUCEC Togo  COOPEC Lando,NASSABLE,Savanes,Tône,Tône 1,Dapaong,Micro-finance,Micro-Finance,Utilisé,En activité,Lun–Mar–Mer–Jeu–Ven–Sam,6,True,False,True,0.1935616666666662,10.882031666666668,Tône 1,Tône,Concordant
_mview_finance_etablissements_banque.fid-7b1c8a4a_1943cbfe119_-41a8,COOPEC AD Dapaong,NAPIENGUE,Savanes,Tône,Tône 1,Dapaong,Micro-finance,Micro-Finance,Utilisé,En activité,Lun–Mar–Mer–Jeu–Ven–Sam,6,True,False,True,0.2062104997988418,10.867566895607839,Tône 1,Tône,Concordant
_mview_finance_etablissements_banque.fid-7b1c8a4a_1943cbfe119_-41a7,CECAV Dapaong,NAPIENGUE,Savanes,Tône,Tône 1,Dapaong,Micro-finance,Micro-Finance,Utilisé,En activité,Lun–Mar–Mer–Jeu–Ven–Sam,6,True,False,True,0.2045483333333328,10.862111666666667,Tône 1,Tône,Concordant
_mview_finance_etablissements_banque.fid-7b1c8a4a_1943cbfe119_-41a6,SPT Barkoissi,Barkoissi,Savanes,Oti,Oti 2,Barkoissi,Banque,Banque,Utilisé,En activité,Lun–Mar–Mer–Jeu–Ven–Sam,6,True,False,True,0.3045488080692265,10.555431316135543,Oti 2,Oti,Concordant
_mview_finance_etablissements_banque.fid-7b1c8a4a_1943cbfe119_-41a5,SPT Mango,Mango,Savanes,Oti,Oti 1,Mango,Banque,Banque,Utilisé,En activité,Lun–Mar–Mer–Jeu–Ven–Sam,6,True,False,True,0.4719815245260524,10.357189506891158,Oti 1,Oti,Concordant
_mview_finance_etablissements_banque.fid-7b1c8a4a_1943cbfe119_-41a4,Transfert d'argent Al-izza,Mango (sangbana),Savanes,Oti,Oti 1,Mango,Micro-finance,Micro-Finance,Utilisé,En activité,Lun–Mar–Mer–Jeu–Ven–Sam,6,True,False,True,0.4704172075691301,10.354195912335152,Oti 1,Oti,Concordant
_mview_finance_etablissements_banque.fid-7b1c8a4a_1943cbfe119_-41a3,COOPEC SIFA Takpamba,TAKPAMBA,Savanes,Oti-Sud,Oti-Sud 2,Takpamba,Micro-finance,Micro-Finance,Utilisé,En activité,Lun–Mar–Mer–Jeu–Ven,5,False,False,True,0.5788476736208518,9.970867266857974,Oti-Sud 2,Oti-Sud,Concordant
_mview_finance_etablissements_banque.fid-7b1c8a4a_1943cbfe119_-41a2,ECOBANK Dapaong,DAPAONG,Savanes,Tône,Tône 1,Dapaong,Banque,Banque,Utilisé,En activité,Lun–Mar–Mer–Jeu–Ven–Sam,6,True,False,True,0.2021333333333333,10.869443333333333,Tône 1,Tône,Concordant
_mview_finance_etablissements_banque.fid-7b1c8a4a_1943cbfe119_-41a1,BSIC Dapaong,DAPAONG,Savanes,Tône,Tône 1,Dapaong,Banque,Banque,Utilisé,En activité,Lun–Mar–Mer–Jeu–Ven–Sam,6,True,False,True,0.2005323882126942,10.87647751898997,Tône 1,Tône,Concordant
_mview_finance_etablissements_banque.fid-7b1c8a4a_1943cbfe119_-41a0,UTB Dapaong,KOUKOUARE,Savanes,Tône,Tône 1,Dapaong,Banque,Banque,Utilisé,En activité,Lun–Mar–Mer–Jeu–Ven–Sam,6,True,False,True,0.2054283333333333,10.860778333333334,Tône 1,Tône,Concordant
_mview_finance_etablissements_banque.fid-7b1c8a4a_1943cbfe119_-419f,BTCI Worgou,Worgou,Savanes,Tône,Tône 1,Dapaong,Banque,Banque,Utilisé,En activité,Lun–Mar–Mer–Jeu–Ven–Sam,6,True,False,True,0.2024338372086217,10.850130196071142,Tône 1,Tône,Concordant
_mview_finance_etablissements_banque.fid-7b1c8a4a_1943cbfe119_-419e,Direction générale Ecobank Togo,Adawlato,Maritime,Golfe,Golfe 1,Bè-Est,Banque,Banque,Utilise,En activité,Lun–Mar–Mer–Jeu–Ven–Sam,6,True,False,True,1.2585633234167288,6.13597966622959,Golfe 1,Golfe,Concordant
_mview_finance_etablissements_banque.fid-7b1c8a4a_1943cbfe119_-419d,FUCEC Kpalime,Gniveme,Plateaux,Kloto,Kloto 1,Agome-Kpalime,Micro-finance,Micro-Finance,N/a,Statut non renseigné ou ambigu,Non renseigné,0,False,False,False,0.63340629671594,6.914479978758992,Kloto 1,Kloto,Concordant
